utilization_gpu,gpu_temp,power_draw_w,gpu_mem_used,job_type_training,throttling,good_placement
7,52,93,3200,1,0,1
73,65,225,1686,1,0,1
78,83,247,9364,1,0,0
35,63,178,17414,1,0,1
63,73,181,14390,1,0,1
63,65,186,4749,1,0,1
53,66,207,17755,1,0,1
67,79,191,15249,1,0,0
43,61,147,6151,0,0,1
43,52,189,5644,1,0,1
91,81,260,10510,0,0,1
74,75,216,2201,0,0,1
14,50,144,16516,1,0,1
36,50,137,5589,0,0,1
86,81,227,8027,0,0,1
94,86,274,10916,0,0,1
42,68,182,4985,1,0,1
96,78,234,8444,0,0,1
2,46,91,5761,1,0,1
41,69,152,1542,1,0,1
36,67,175,17180,0,0,1
99,87,246,1416,1,0,0
39,69,143,12175,0,0,1
82,82,255,12807,1,0,0
7,51,119,9083,1,0,1
42,52,181,21007,1,0,1
90,74,229,4932,0,0,1
1,47,108,16214,0,0,1
7,41,112,6359,1,0,1
48,70,201,18771,1,0,1
43,70,152,6122,1,0,1
34,62,144,8966,0,0,1
98,93,277,21555,1,0,0
26,56,151,18234,0,0,1
34,61,179,1497,0,0,1
48,70,205,5598,0,0,1
62,72,222,10382,1,0,1
12,47,135,12936,1,0,1
81,76,248,7343,1,0,0
1,47,103,2509,0,0,1
99,77,283,8571,0,0,1
32,53,150,12044,0,0,1
7,45,101,2055,1,0,1
86,86,247,19873,1,0,0
8,43,131,16178,0,0,1
7,51,106,13979,1,0,1
68,80,213,20726,1,0,0
52,57,159,19922,0,0,1
51,62,174,15851,1,0,1
8,55,92,5308,1,0,1
8,50,114,8353,0,0,1
19,44,143,3298,1,0,1
84,81,238,5797,0,0,1
44,64,162,1692,1,0,1
49,71,180,3132,0,0,1
3,40,82,18008,0,0,1
0,47,74,15145,1,0,1
49,69,186,2373,1,0,1
62,73,189,16606,0,0,1
23,62,123,14263,1,0,1
51,68,172,4173,1,0,1
74,64,216,7992,1,0,1
37,53,149,22447,1,0,0
79,68,214,4561,0,0,1
90,90,239,4207,1,0,0
81,69,244,10037,0,0,1
93,78,247,14747,1,0,0
24,46,123,8658,0,0,1
64,78,233,13003,0,0,1
99,77,286,2485,1,0,0
81,75,239,10766,0,0,1
62,73,187,20071,1,0,1
7,56,103,5247,0,0,1
62,67,194,17547,0,0,1
1,51,107,3788,1,0,1
22,48,144,20358,1,0,1
84,80,251,17511,1,0,0
83,79,222,13114,0,0,1
25,48,120,20591,0,0,1
62,67,186,13517,0,0,1
83,70,211,7613,0,0,1
76,72,209,5816,1,0,1
11,48,106,10848,0,0,1
56,67,181,4765,0,0,1
3,40,80,9911,0,0,1
18,43,134,8975,0,0,1
99,91,289,9528,1,0,0
18,58,125,21009,0,0,1
36,51,137,22588,0,0,0
79,68,242,18760,0,0,1
40,67,158,21370,1,0,1
89,71,222,13194,0,0,1
52,66,209,10823,0,0,1
47,68,159,21746,0,0,1
12,53,112,11002,0,0,1
76,80,234,3501,0,0,1
16,50,132,7224,0,0,1
78,66,241,2203,1,0,1
18,46,125,23078,1,0,0
78,68,205,19736,0,0,1
24,47,125,12398,1,0,1
47,67,192,6704,0,0,1
88,77,237,6245,1,0,0
28,65,151,9979,0,0,1
34,67,167,3365,1,0,1
23,44,113,17390,0,0,1
48,68,184,3819,0,0,1
1,43,121,9704,1,0,1
74,68,215,3121,0,0,1
6,49,130,14682,0,0,1
84,71,222,3745,0,0,1
16,43,120,11865,1,0,1
5,41,83,12829,0,0,1
79,71,218,1670,1,0,1
28,61,124,1786,0,0,1
53,59,168,4051,1,0,1
99,91,247,23025,1,0,0
9,44,125,18034,0,0,1
18,53,114,13987,0,0,1
13,54,113,7980,1,0,1
48,54,197,9206,0,0,1
23,60,122,18737,1,0,1
85,87,223,8652,0,0,1
64,79,226,8132,0,0,1
22,54,125,10531,0,0,1
44,57,145,5683,0,0,1
3,52,127,14871,1,0,1
100,89,293,17390,1,0,0
46,61,194,6337,1,0,1
72,71,232,1047,0,0,1
4,50,93,17152,0,0,1
41,62,182,5737,1,0,1
39,62,153,13866,1,0,1
20,58,119,18616,0,0,1
80,82,232,13704,0,0,1
93,80,232,22240,1,0,0
68,66,203,12090,0,0,1
73,66,218,20666,1,0,1
74,72,240,20895,0,0,1
73,80,218,3840,0,0,1
61,68,186,22266,0,0,0
45,71,164,8007,1,0,1
37,51,142,2076,0,0,1
23,44,136,3374,0,0,1
6,55,124,19393,0,0,1
13,51,119,9498,1,0,1
38,57,141,8716,0,0,1
6,49,108,14460,0,0,1
43,69,164,18129,0,0,1
3,52,106,7283,0,0,1
9,44,127,4487,1,0,1
10,42,124,16426,0,0,1
99,92,250,18949,1,0,0
65,80,212,16509,1,0,0
58,66,191,16389,1,0,1
65,74,227,17096,0,0,1
83,75,260,16997,0,0,1
94,87,262,19002,0,0,1
17,48,123,4852,1,0,1
64,65,204,5504,0,0,1
7,55,137,10650,1,0,1
5,40,89,3499,0,0,1
70,63,235,7630,1,0,1
38,56,146,4573,1,0,1
53,59,160,16880,1,0,1
17,42,141,20970,0,0,1
60,63,204,16634,0,0,1
6,51,91,20021,0,0,1
92,89,269,23722,1,0,0
68,70,194,17968,1,0,1
83,79,246,8737,1,0,0
53,69,194,20483,0,0,1
70,77,228,11413,1,0,0
42,53,148,19330,1,0,1
21,56,141,2134,1,0,1
50,71,198,19214,1,0,1
42,54,167,20735,0,0,1
3,42,76,14765,0,0,1
85,76,238,15791,1,0,0
0,35,84,21747,1,0,1
92,82,237,8328,0,0,1
41,65,168,1043,1,0,1
66,75,202,2091,1,0,1
94,91,269,20988,0,0,1
91,88,247,17828,1,0,0
66,68,188,15789,0,0,1
90,82,263,16871,0,0,1
28,58,142,13734,0,0,1
44,71,198,3400,0,0,1
62,60,179,9164,0,0,1
100,79,271,18509,0,0,1
9,55,102,18216,0,0,1
91,83,231,7432,1,0,0
72,67,197,9775,1,0,1
80,83,248,23933,0,0,0
83,72,220,8111,0,0,1
77,68,211,23181,0,0,0
98,84,243,8942,1,0,0
49,54,198,15494,1,0,1
100,78,276,1330,1,0,0
98,85,276,1577,1,0,0
75,71,221,13568,0,0,1
55,70,192,17565,0,0,1
42,70,181,9856,1,0,1
81,75,223,18826,0,0,1
67,68,186,11922,0,0,1
11,57,106,19757,1,0,1
23,62,161,13853,0,0,1
33,56,157,11682,1,0,1
80,78,255,23150,1,0,0
82,71,249,1817,0,0,1
84,81,247,12249,1,0,0
63,61,209,3770,1,0,1
78,76,238,15503,0,0,1
99,80,269,2535,0,0,1
19,54,121,6703,0,0,1
47,63,188,4616,0,0,1
48,54,192,21161,0,0,1
70,80,225,20083,1,0,0
67,68,214,12405,1,0,1
56,71,210,4127,1,0,1
55,58,191,3128,0,0,1
15,51,115,21280,1,0,1
87,80,243,8799,1,0,0
83,84,231,14564,0,0,1
96,74,267,6812,0,0,1
83,80,237,4717,0,0,1
78,72,228,9185,0,0,1
73,75,201,19646,0,0,1
55,66,165,22084,0,0,0
50,61,181,18989,0,0,1
24,61,162,11502,1,0,1
92,81,272,20384,0,0,1
92,82,251,5810,0,0,1
64,66,217,20683,0,0,1
44,65,174,13111,0,0,1
9,38,97,19023,0,0,1
20,55,148,10215,0,0,1
96,77,243,23386,0,0,0
56,60,181,8319,0,0,1
16,48,122,6776,1,0,1
3,43,122,11501,1,0,1
100,84,247,5446,0,0,1
78,85,228,17045,0,0,1
31,48,123,16338,0,0,1
94,73,263,13520,0,0,1
97,76,249,23570,1,0,0
36,55,142,15947,1,0,1
13,44,131,17429,0,0,1
20,56,157,16652,1,0,1
39,66,153,1269,0,0,1
72,66,196,5595,0,0,1
38,58,137,5674,0,0,1
9,52,116,16393,1,0,1
95,84,262,19881,1,0,0
41,69,156,4046,1,0,1
4,42,102,10800,0,0,1
60,75,197,7930,0,0,1
35,61,161,5077,0,0,1
68,67,190,4846,0,0,1
55,65,189,17324,1,0,1
98,88,244,23508,0,0,0
94,83,278,21520,0,0,1
12,45,99,4171,1,0,1
16,48,130,8218,1,0,1
82,73,230,23619,1,0,0
83,68,241,16268,1,0,1
41,69,185,5459,0,0,1
56,59,173,3422,0,0,1
11,51,128,1709,1,0,1
54,57,178,13797,0,0,1
95,77,260,14678,0,0,1
12,43,123,6918,0,0,1
9,54,94,13307,1,0,1
22,53,155,7355,1,0,1
28,65,124,17114,0,0,1
37,62,141,5823,1,0,1
66,71,204,3730,1,0,1
21,52,129,6253,0,0,1
56,57,185,22617,1,0,0
4,45,80,13131,1,0,1
8,48,97,12350,0,0,1
100,90,283,16458,0,0,1
7,44,106,2173,0,0,1
58,59,215,6097,1,0,1
68,66,191,3731,1,0,1
11,51,93,11006,0,0,1
1,54,116,17665,0,0,1
91,74,267,11011,1,0,1
4,52,111,22069,1,0,0
68,77,225,21800,0,0,1
8,38,85,17246,1,0,1
94,79,238,15913,0,0,1
23,53,132,9695,0,0,1
97,74,232,11681,1,0,1
49,62,174,21274,0,0,1
19,48,106,17453,0,0,1
8,40,119,16481,0,0,1
84,81,216,23486,0,0,0
5,38,92,4809,1,0,1
33,62,144,19365,1,0,1
82,70,256,5349,0,0,1
91,79,259,7375,0,0,1
22,50,148,17442,0,0,1
20,44,129,9737,1,0,1
16,44,104,17559,1,0,1
42,59,171,16403,1,0,1
17,53,150,2398,0,0,1
82,81,256,3550,1,0,0
91,88,246,8620,0,0,1
27,52,154,10217,0,0,1
19,45,108,10729,1,0,1
21,53,149,23575,0,0,0
37,50,163,3106,1,0,1
72,78,218,3188,1,0,0
40,64,164,12065,0,0,1
32,54,164,11424,1,0,1
62,67,195,16070,0,0,1
96,92,241,13862,0,0,1
11,49,101,10027,1,0,1
64,75,202,8316,1,0,1
86,76,247,16487,0,0,1
29,48,156,8021,1,0,1
86,84,229,5215,0,0,1
23,55,154,20245,0,0,1
4,42,88,11784,1,0,1
3,43,94,17362,0,0,1
36,61,140,19941,1,0,1
28,46,153,20610,0,0,1
8,43,91,9731,1,0,1
54,66,181,22219,0,0,0
51,74,166,5752,1,0,1
66,72,209,5207,0,0,1
44,67,172,12668,0,0,1
88,75,240,20463,1,0,1
28,53,138,14654,0,0,1
66,69,212,9737,0,0,1
16,51,112,6098,1,0,1
64,72,231,14578,0,0,1
54,60,189,19197,1,0,1
3,38,112,21631,0,0,1
91,74,271,1742,0,0,1
97,91,252,15825,0,0,1
10,57,111,22735,0,0,0
67,77,195,2604,1,0,0
62,76,196,13360,1,0,0
64,74,221,23483,1,0,0
40,56,167,4928,1,0,1
94,89,251,11596,0,0,1
51,57,160,16936,0,0,1
71,70,216,19985,1,0,1
14,55,103,22488,1,0,0
21,61,157,16901,1,0,1
23,52,151,4818,1,0,1
67,79,227,8621,1,0,0
5,53,88,9002,0,0,1
41,62,170,4755,0,0,1
22,49,123,12442,0,0,1
39,63,160,20174,1,0,1
27,57,155,11491,0,0,1
66,63,203,21574,0,0,1
23,53,154,20506,1,0,1
20,55,121,9808,0,0,1
56,61,209,11853,1,0,1
11,50,91,2794,1,0,1
54,57,192,7564,1,0,1
98,88,249,5241,0,0,1
4,39,95,5211,1,0,1
17,56,144,10954,1,0,1
34,55,128,16765,1,0,1
31,63,129,18891,1,0,1
25,53,149,13301,1,0,1
4,46,104,16327,0,0,1
5,43,96,15515,1,0,1
62,66,219,8290,0,0,1
52,57,162,22303,0,0,0
1,51,120,2713,1,0,1
76,84,235,13424,1,0,0
14,46,96,13940,1,0,1
69,62,185,4514,1,0,1
68,81,218,5906,0,0,1
9,46,87,16286,0,0,1
90,90,270,23195,0,0,0
14,41,95,16666,1,0,1
52,68,210,18143,0,0,1
61,72,177,22349,1,0,0
92,74,239,11436,0,0,1
29,63,128,13368,1,0,1
10,46,136,4569,0,0,1
36,65,151,4500,0,0,1
46,61,176,12984,0,0,1
22,44,138,19172,0,0,1
66,65,204,2917,0,0,1
23,52,156,7693,0,0,1
64,62,199,9298,1,0,1
80,72,239,1618,1,0,1
10,49,118,1117,1,0,1
32,64,147,14577,1,0,1
92,77,262,6027,1,0,0
10,58,112,18724,1,0,1
23,51,139,2644,0,0,1
22,48,126,8040,1,0,1
84,83,229,3891,0,0,1
36,64,175,2180,0,0,1
80,67,225,10935,1,0,1
70,78,230,18177,0,0,1
61,75,214,10536,1,0,1
38,55,134,13442,0,0,1
19,57,144,8200,1,0,1
22,49,110,19375,0,0,1
61,74,220,12617,0,0,1
23,45,128,11599,0,0,1
98,91,284,14191,0,0,1
33,59,162,4974,1,0,1
17,57,104,8383,1,0,1
56,66,183,17397,1,0,1
76,68,203,2753,0,0,1
87,81,267,16425,0,0,1
71,78,238,18953,0,0,1
73,69,239,22156,1,0,0
49,67,174,12820,1,0,1
47,66,166,12174,0,0,1
96,81,264,6305,1,0,0
16,56,148,20564,1,0,1
29,51,142,16406,0,0,1
72,79,198,17904,0,0,1
51,63,204,3344,0,0,1
32,63,153,2216,0,0,1
54,67,213,6841,0,0,1
15,60,102,14094,0,0,1
67,73,226,17769,1,0,1
69,79,235,13302,1,0,0
28,50,132,10392,0,0,1
38,66,159,18577,0,0,1
95,91,278,3013,1,0,0
97,75,267,3525,0,0,1
7,48,132,23548,1,0,0
9,47,112,13980,1,0,1
0,47,107,4192,0,0,1
5,45,98,20076,1,0,1
88,89,270,6227,0,0,1
21,43,125,6588,0,0,1
32,48,126,10869,0,0,1
27,48,146,14020,0,0,1
44,56,148,5491,1,0,1
4,42,118,18174,0,0,1
69,63,230,18512,1,0,1
53,60,199,5222,0,0,1
20,45,140,9969,1,0,1
83,71,214,6902,0,0,1
43,57,192,11649,0,0,1
88,76,237,8994,0,0,1
84,71,229,11651,1,0,1
58,71,206,4339,1,0,1
30,66,144,13168,0,0,1
38,69,153,6561,0,0,1
45,57,148,20914,1,0,1
70,66,225,14589,1,0,1
71,69,230,2651,0,0,1
75,67,230,2492,0,0,1
8,51,96,6528,1,0,1
77,84,208,19148,0,0,1
67,66,190,23562,1,0,0
28,59,140,14500,0,0,1
60,68,176,20724,0,0,1
62,75,222,12594,1,0,1
97,76,250,22132,0,0,0
63,61,187,15730,0,0,1
96,88,257,15529,0,0,1
13,50,142,15589,1,0,1
75,65,228,14530,1,0,1
73,80,205,20443,0,0,1
56,63,171,4533,0,0,1
71,79,229,10235,1,0,0
40,63,154,2258,0,0,1
28,63,151,21491,0,0,1
59,65,210,17335,0,0,1
65,79,217,11880,1,0,0
79,74,210,23667,1,0,0
12,43,107,12790,1,0,1
24,51,157,12326,1,0,1
12,44,95,6244,0,0,1
35,57,166,2350,0,0,1
95,82,256,8713,1,0,0
95,73,261,4245,1,0,1
22,59,127,3548,1,0,1
99,79,262,13960,0,0,1
78,77,219,10433,0,0,1
66,66,202,3447,1,0,1
81,76,257,10196,0,0,1
99,74,274,20536,0,0,1
78,71,232,23519,1,0,0
10,53,113,16837,1,0,1
67,65,192,19541,0,0,1
35,51,170,14213,1,0,1
16,60,153,9597,1,0,1
4,36,103,20077,0,0,1
78,82,251,2619,1,0,0
97,92,260,2188,1,0,0
27,57,120,20257,0,0,1
86,84,237,22493,0,0,0
67,68,194,23519,1,0,0
35,67,140,16685,0,0,1
32,65,146,5031,1,0,1
10,56,108,19026,0,0,1
84,78,226,1470,0,0,1
1,49,112,22618,0,0,0
41,66,162,17344,0,0,1
23,59,124,20542,0,0,1
90,87,236,5145,1,0,0
21,60,147,9613,1,0,1
19,54,141,20700,0,0,1
8,44,120,6368,1,0,1
62,77,187,16140,0,0,1
29,46,135,11532,0,0,1
92,71,228,20247,0,0,1
56,68,193,13255,0,0,1
77,78,244,13012,0,0,1
3,51,114,19394,1,0,1
32,48,122,9954,1,0,1
82,79,215,22046,1,0,0
64,71,224,9717,1,0,1
47,55,180,5870,1,0,1
27,55,126,16952,0,0,1
56,62,187,15421,0,0,1
2,39,97,20131,1,0,1
34,50,147,6632,0,0,1
94,76,274,10465,1,0,0
24,59,159,18237,0,0,1
40,62,186,9720,1,0,1
46,67,194,11178,1,0,1
66,70,228,23297,1,0,0
82,68,207,20716,0,0,1
24,46,121,7941,0,0,1
67,79,197,3375,1,0,0
53,72,179,19002,1,0,1
71,72,215,21977,0,0,1
76,76,225,2515,1,0,0
68,67,201,2669,0,0,1
41,68,167,4161,1,0,1
2,46,81,14788,1,0,1
37,65,151,3994,0,0,1
20,54,156,14463,1,0,1
1,54,95,8674,0,0,1
50,63,183,7427,0,0,1
32,63,149,5980,0,0,1
0,38,91,2720,0,0,1
93,74,260,22128,1,0,0
98,92,276,16507,1,0,0
17,50,126,11319,0,0,1
17,48,145,3311,1,0,1
23,59,136,7419,0,0,1
37,62,167,14804,0,0,1
63,66,183,8896,0,0,1
66,66,198,16550,1,0,1
91,89,279,9547,1,0,0
71,72,211,18073,0,0,1
1,54,78,4414,0,0,1
11,44,120,1877,1,0,1
5,45,110,20407,0,0,1
74,71,233,13464,1,0,1
16,52,138,7924,1,0,1
36,57,174,13992,0,0,1
86,85,245,14106,0,0,1
16,44,144,11679,0,0,1
45,54,166,3405,1,0,1
83,77,220,8887,1,0,0
63,65,221,23060,0,0,0
31,47,155,2253,1,0,1
5,52,104,3756,0,0,1
91,79,267,15679,1,0,0
71,71,198,15485,1,0,1
97,74,254,12504,0,0,1
65,72,203,1496,1,0,1
0,40,107,11177,1,0,1
44,63,177,13932,1,0,1
65,73,198,15622,1,0,1
15,52,105,3624,1,0,1
38,56,161,11836,1,0,1
85,69,243,22106,1,0,0
95,73,235,7184,0,0,1
30,59,164,7976,1,0,1
36,60,137,6814,1,0,1
72,82,213,7202,1,0,0
99,81,242,10973,1,0,0
8,53,112,6481,0,0,1
36,59,135,5943,0,0,1
73,79,204,23566,1,0,0
87,69,218,21863,1,0,1
57,59,199,6813,1,0,1
35,58,171,2773,1,0,1
81,77,245,8075,0,0,1
42,63,156,2101,1,0,1
54,72,198,2249,1,0,1
54,75,181,9092,1,0,1
73,76,218,10156,0,0,1
100,91,287,18575,0,0,1
52,55,194,6582,0,0,1
34,57,151,15197,0,0,1
25,49,125,9520,1,0,1
14,57,119,18192,1,0,1
36,60,137,8749,0,0,1
91,77,270,22989,0,0,0
69,72,233,8656,0,0,1
87,71,258,16692,1,0,1
41,55,183,2937,0,0,1
50,70,182,7258,0,0,1
2,47,112,6456,1,0,1
39,62,170,7430,1,0,1
25,60,149,23546,1,0,0
49,59,169,11477,0,0,1
16,45,121,11122,0,0,1
41,59,165,3580,0,0,1
8,43,131,16565,0,0,1
62,78,200,2365,1,0,0
28,61,148,1965,0,0,1
6,53,93,14114,0,0,1
27,50,138,8614,1,0,1
93,73,269,13567,1,0,1
93,74,231,3152,0,0,1
5,50,120,5107,0,0,1
76,77,202,19209,0,0,1
35,52,152,21164,0,0,1
26,56,165,12418,1,0,1
88,76,232,15160,1,0,0
26,62,154,4987,0,0,1
38,58,183,13839,1,0,1
64,71,208,11870,1,0,1
1,47,112,19056,1,0,1
93,77,229,12409,0,0,1
52,63,162,3828,0,0,1
53,64,189,7441,1,0,1
13,47,139,5053,0,0,1
69,74,234,10754,1,0,1
13,44,93,15469,1,0,1
95,83,283,4115,0,0,1
5,56,106,22108,1,0,0
51,63,181,2856,1,0,1
71,67,217,21859,0,0,1
53,60,190,19141,0,0,1
0,54,92,22495,0,0,0
6,54,132,20880,0,0,1
66,71,215,1406,0,0,1
24,58,144,18968,0,0,1
49,70,181,19181,0,0,1
91,90,251,7336,0,0,1
43,64,176,20311,1,0,1
81,73,238,14399,1,0,1
3,55,129,14075,1,0,1
19,57,141,12770,0,0,1
59,77,202,22987,0,0,0
63,64,181,14238,0,0,1
95,86,257,9099,0,0,1
95,75,260,3941,0,0,1
59,72,185,12861,0,0,1
67,79,237,15723,1,0,0
37,57,158,13699,1,0,1
56,72,219,20318,0,0,1
31,60,149,5188,0,0,1
54,64,195,14868,1,0,1
77,84,228,12772,1,0,0
66,68,183,12526,1,0,1
33,53,155,11626,1,0,1
75,72,246,1277,0,0,1
64,61,225,10237,0,0,1
29,56,144,23058,0,0,0
33,57,155,3235,0,0,1
25,47,147,1562,0,0,1
12,41,107,19241,1,0,1
62,68,180,5465,0,0,1
83,74,250,5996,0,0,1
73,77,247,1351,0,0,1
94,91,264,4001,0,0,1
24,52,149,19305,0,0,1
80,78,251,14527,0,0,1
66,61,221,4963,1,0,1
99,84,265,20826,0,0,1
78,76,236,15681,1,0,0
42,60,186,20809,1,0,1
95,88,276,20698,1,0,0
48,66,172,1059,1,0,1
15,60,127,16824,0,0,1
34,64,133,18373,1,0,1
44,66,157,23423,0,0,0
9,45,129,7616,0,0,1
21,53,137,3979,1,0,1
41,59,180,18152,0,0,1
96,92,289,16845,0,0,1
84,79,238,21547,1,0,0
13,45,136,21254,1,0,1
75,66,205,15376,0,0,1
70,73,193,6088,1,0,1
86,75,240,16929,0,0,1
54,67,205,14465,1,0,1
35,63,149,6086,0,0,1
50,62,169,4756,1,0,1
20,54,120,21941,0,0,1
62,69,185,21472,0,0,1
97,87,249,14603,0,0,1
13,41,108,22349,1,0,0
87,69,234,20019,1,0,1
88,78,258,8132,0,0,1
12,42,129,11580,1,0,1
5,56,127,5254,1,0,1
93,88,254,20552,1,0,0
32,63,178,9305,1,0,1
62,74,183,20697,1,0,1
64,72,222,9410,1,0,1
47,60,169,3303,1,0,1
13,54,126,3082,1,0,1
69,62,219,16252,1,0,1
3,41,86,23968,0,0,0
43,71,159,3092,0,0,1
48,68,161,16438,0,0,1
72,73,230,23658,1,0,0
97,81,251,15738,0,0,1
69,73,212,13345,0,0,1
5,53,125,4993,1,0,1
29,58,166,8028,1,0,1
79,85,237,21356,1,0,0
86,80,264,20700,1,0,0
60,68,219,9143,0,0,1
33,66,170,14759,0,0,1
88,75,256,6879,1,0,1
76,84,219,23783,0,0,0
25,48,121,11071,0,0,1
71,74,212,1728,1,0,1
75,79,203,21847,0,0,1
69,66,196,5363,0,0,1
25,62,143,23560,1,0,0
91,80,273,1935,0,0,1
43,56,142,7046,1,0,1
0,46,75,1106,0,0,1
57,63,214,8492,1,0,1
13,45,123,10415,1,0,1
58,63,199,23094,1,0,0
76,79,243,13703,1,0,0
47,57,190,6541,0,0,1
4,36,76,9834,1,0,1
81,86,263,10006,1,0,0
51,58,198,9567,0,0,1
3,54,101,13459,1,0,1
97,80,246,12244,0,0,1
1,49,93,11654,1,0,1
17,45,105,19410,0,0,1
39,51,171,14218,1,0,1
19,42,113,13375,1,0,1
76,84,218,9572,1,0,0
60,77,216,21933,0,0,1
38,64,140,20946,1,0,1
81,82,260,15734,0,0,1
13,44,98,12121,0,0,1
62,66,210,20882,0,0,1
98,83,256,22718,0,0,0
54,60,187,3231,0,0,1
86,78,259,4931,0,0,1
92,77,269,5436,1,0,0
1,44,98,12208,1,0,1
26,46,120,19547,0,0,1
68,79,201,6793,0,0,1
12,47,130,3059,0,0,1
67,65,222,8512,1,0,1
43,52,164,5618,0,0,1
40,53,140,3134,1,0,1
53,72,186,5432,0,0,1
42,63,160,18496,0,0,1
14,54,102,23715,0,0,0
77,75,208,19942,0,0,1
76,66,217,6508,1,0,1
57,58,192,9661,0,0,1
71,72,195,3013,1,0,1
9,46,132,14701,1,0,1
32,52,135,11385,1,0,1
51,70,201,3909,1,0,1
23,45,117,7406,0,0,1
23,58,120,21423,0,0,1
25,59,151,7745,1,0,1
22,51,155,12899,1,0,1
13,55,141,19034,1,0,1
45,72,193,21975,1,0,1
10,46,109,11477,0,0,1
70,76,210,12702,0,0,1
15,42,107,17835,0,0,1
18,47,114,7963,1,0,1
94,87,272,12694,1,0,0
61,78,212,3764,0,0,1
34,60,166,10596,0,0,1
63,72,220,14176,0,0,1
63,65,199,11324,1,0,1
40,64,190,9582,1,0,1
33,67,178,23149,0,0,0
11,47,95,14960,1,0,1
95,87,280,16042,1,0,0
47,58,183,1831,1,0,1
59,74,211,14253,0,0,1
74,81,244,21903,0,0,1
71,77,238,8291,0,0,1
94,79,270,18107,1,0,0
85,72,221,22439,0,0,0
20,54,138,7359,0,0,1
64,63,193,19274,1,0,1
82,80,229,4399,0,0,1
19,60,120,8564,1,0,1
23,52,113,12420,0,0,1
46,63,182,6167,1,0,1
59,58,195,5432,0,0,1
89,78,260,8607,0,0,1
50,59,176,8874,0,0,1
33,59,160,18721,1,0,1
62,67,180,4735,1,0,1
54,70,176,2690,0,0,1
93,83,265,4180,0,0,1
89,83,270,7902,0,0,1
82,83,261,3269,0,0,1
35,55,176,3966,0,0,1
87,79,242,17869,0,0,1
21,46,120,16182,0,0,1
28,50,140,14077,1,0,1
83,69,238,21479,0,0,1
46,61,179,6571,1,0,1
39,53,158,13894,1,0,1
65,76,192,23549,1,0,0
20,62,125,5856,0,0,1
15,48,109,18913,0,0,1
82,80,241,2884,1,0,0
67,61,204,22329,1,0,0
88,78,227,20064,1,0,0
22,47,129,5427,0,0,1
99,80,267,19088,1,0,0
23,48,116,11977,0,0,1
52,70,187,11558,1,0,1
90,78,250,3659,1,0,0
91,80,258,12613,1,0,0
16,56,102,6608,0,0,1
82,72,227,3145,1,0,1
88,85,268,18317,0,0,1
88,73,229,8081,0,0,1
77,71,216,21673,0,0,1
33,61,158,16000,1,0,1
59,75,202,13307,1,0,1
13,48,112,3871,0,0,1
15,53,112,17825,0,0,1
41,53,154,17553,0,0,1
35,51,150,23007,1,0,0
7,39,115,4837,1,0,1
56,73,192,23413,0,0,0
43,56,143,2354,1,0,1
21,56,125,8815,1,0,1
96,75,264,12706,1,0,1
14,59,132,2524,0,0,1
89,86,269,17176,0,0,1
50,72,183,3255,1,0,1
6,51,131,8861,1,0,1
15,45,137,20243,0,0,1
52,67,200,14571,1,0,1
55,61,198,19427,1,0,1
20,55,110,7276,1,0,1
22,60,125,23373,0,0,0
94,78,231,4052,1,0,0
0,52,97,23109,1,0,0
10,47,113,22127,1,0,0
99,79,262,1936,1,0,0
71,74,197,6366,1,0,1
97,91,274,19090,1,0,0
5,47,113,6920,1,0,1
31,62,159,17448,0,0,1
99,88,291,6445,1,0,0
10,54,125,10774,1,0,1
64,68,229,11721,0,0,1
100,75,242,1434,1,0,1
100,79,241,13293,0,0,1
41,58,188,22092,0,0,0
45,60,179,16305,1,0,1
52,62,195,10016,0,0,1
86,73,241,18952,1,0,1
13,50,131,6385,0,0,1
19,58,156,8522,0,0,1
52,73,199,5754,0,0,1
64,76,206,1665,0,0,1
5,55,109,11001,0,0,1
9,57,99,1873,1,0,1
18,51,124,13164,1,0,1
87,71,232,21194,0,0,1
84,78,246,2647,0,0,1
23,57,137,1960,1,0,1
75,76,240,14763,0,0,1
25,58,161,17252,1,0,1
84,69,220,1757,1,0,1
61,78,186,3733,1,0,0
28,47,133,11775,0,0,1
46,63,180,18212,1,0,1
13,57,130,18854,1,0,1
86,87,233,14073,0,0,1
28,65,151,6479,0,0,1
92,75,265,20970,1,0,1
44,70,152,7358,1,0,1
50,59,179,19989,0,0,1
84,84,218,1896,0,0,1
12,54,134,18342,1,0,1
73,67,196,7799,0,0,1
17,47,130,11504,0,0,1
63,69,228,8923,1,0,1
100,85,268,13173,0,0,1
77,73,216,14497,1,0,1
56,70,172,20291,1,0,1
81,72,222,20121,0,0,1
5,49,83,3239,1,0,1
87,76,244,11053,1,0,0
83,69,213,22972,1,0,0
96,78,266,15215,0,0,1
68,74,219,8352,0,0,1
58,64,172,6092,0,0,1
79,72,209,23539,0,0,0
81,84,215,18702,0,0,1
59,64,211,7130,1,0,1
54,73,177,5399,0,0,1
20,58,157,8390,1,0,1
41,54,159,9834,1,0,1
18,47,122,9273,0,0,1
40,56,165,9331,0,0,1
69,62,202,13278,0,0,1
42,65,167,17922,1,0,1
90,76,272,9987,0,0,1
19,45,121,9001,1,0,1
87,73,236,18544,0,0,1
98,74,252,2154,1,0,1
75,82,249,3856,0,0,1
6,44,90,5975,0,0,1
54,73,184,9077,1,0,1
47,62,172,19139,0,0,1
33,66,140,6733,1,0,1
64,74,195,1444,1,0,1
77,71,212,19411,0,0,1
39,63,144,17571,0,0,1
14,55,140,6266,1,0,1
47,65,180,5901,0,0,1
75,71,225,22310,0,0,0
86,83,256,6392,0,0,1
90,76,232,20458,1,0,0
58,75,209,10690,0,0,1
42,70,168,8955,1,0,1
31,65,167,12955,0,0,1
38,66,182,16807,0,0,1
37,60,177,2639,0,0,1
10,50,96,8612,0,0,1
9,40,84,3614,1,0,1
35,54,131,21147,0,0,1
77,75,251,10873,0,0,1
39,54,146,2614,1,0,1
59,75,200,16243,1,0,1
36,61,178,2691,1,0,1
79,79,223,18854,1,0,0
81,68,210,10270,1,0,1
35,54,144,11287,1,0,1
41,59,153,10083,1,0,1
95,84,257,5653,0,0,1
57,61,204,12399,1,0,1
94,74,264,21317,0,0,1
46,71,178,11937,1,0,1
19,49,105,6377,0,0,1
23,44,111,4650,0,0,1
3,42,76,16435,1,0,1
7,39,112,10286,1,0,1
89,87,228,8385,0,0,1
33,63,151,22369,1,0,0
87,78,222,21361,0,0,1
99,77,277,21169,1,0,0
93,77,248,21809,1,0,0
2,43,91,3016,0,0,1
73,68,216,15826,1,0,1
84,70,224,21873,1,0,1
9,41,109,21205,1,0,1
9,42,130,6564,0,0,1
21,57,156,21154,0,0,1
46,54,175,10079,1,0,1
69,79,224,20028,1,0,0
48,60,195,15366,1,0,1
78,67,233,8239,0,0,1
86,73,256,15367,1,0,1
86,75,255,14883,0,0,1
28,47,125,15521,1,0,1
54,57,180,4747,0,0,1
68,67,189,5118,1,0,1
7,52,91,12742,1,0,1
49,60,178,20439,1,0,1
67,80,211,9290,0,0,1
27,59,148,6631,0,0,1
4,42,109,9631,1,0,1
74,76,216,23274,1,0,0
1,39,115,12842,1,0,1
22,48,154,10083,1,0,1
77,72,245,9838,1,0,1
99,92,257,21393,1,0,0
8,41,118,22068,1,0,0
24,57,121,4120,0,0,1
7,45,110,18611,0,0,1
22,51,123,6563,0,0,1
61,61,205,6165,0,0,1
58,63,192,20938,0,0,1
0,36,110,11458,1,0,1
98,85,262,17389,0,0,1
30,65,137,7799,0,0,1
70,69,189,13990,1,0,1
29,46,132,18513,1,0,1
95,73,230,17678,0,0,1
36,55,170,1887,1,0,1
99,90,283,22603,1,0,0
41,56,186,13212,1,0,1
59,71,221,14181,0,0,1
71,76,227,23180,1,0,0
25,61,121,21971,0,0,1
68,78,214,11050,0,0,1
51,60,176,2927,1,0,1
24,57,146,20403,0,0,1
100,91,277,4994,1,0,0
61,68,195,18782,1,0,1
66,80,228,6596,1,0,0
53,65,205,21538,1,0,1
49,61,166,13264,0,0,1
2,46,109,16601,1,0,1
28,53,137,22048,1,0,0
19,57,141,9772,0,0,1
92,82,237,21879,0,0,1
34,57,163,13256,0,0,1
2,41,96,15247,1,0,1
3,53,110,15731,1,0,1
37,59,138,10406,1,0,1
2,48,126,16137,0,0,1
62,60,190,13483,0,0,1
54,70,199,9348,0,0,1
58,67,186,22205,1,0,0
96,75,248,9896,1,0,1
41,70,192,10267,0,0,1
30,55,154,17206,1,0,1
12,57,98,10053,0,0,1
65,68,216,20340,1,0,1
100,81,266,21174,1,0,0
85,78,242,5024,0,0,1
97,86,247,18437,1,0,0
48,67,194,1274,1,0,1
41,67,159,6612,1,0,1
11,50,116,8094,0,0,1
87,87,272,12482,0,0,1
9,42,124,17999,1,0,1
27,54,137,13875,1,0,1
30,57,145,1861,0,0,1
18,61,146,19127,1,0,1
3,43,104,8970,0,0,1
91,74,234,4644,1,0,1
35,54,156,20622,1,0,1
56,58,172,17948,0,0,1
97,79,257,10211,0,0,1
62,64,206,3312,1,0,1
63,78,220,13482,1,0,0
3,53,99,3157,0,0,1
77,66,226,2303,0,0,1
13,59,117,4586,1,0,1
2,51,125,16696,1,0,1
66,78,191,10704,0,0,1
82,82,259,4930,0,0,1
68,64,230,4266,0,0,1
23,49,142,16847,1,0,1
19,50,105,6065,1,0,1
79,79,241,2114,0,0,1
15,60,122,19795,1,0,1
57,57,207,5959,1,0,1
56,58,190,8627,0,0,1
24,52,156,8054,0,0,1
72,75,197,13545,1,0,1
15,41,107,12287,1,0,1
53,63,203,19134,0,0,1
22,53,118,11408,1,0,1
62,61,198,10743,0,0,1
36,61,175,9142,0,0,1
18,47,114,6608,0,0,1
4,55,117,11280,0,0,1
86,80,226,14633,1,0,0
35,50,154,5141,0,0,1
40,51,157,3943,0,0,1
4,48,93,2188,1,0,1
63,75,231,14289,1,0,1
34,57,153,8350,1,0,1
10,51,121,22118,1,0,0
91,82,234,22678,1,0,0
28,61,141,18762,0,0,1
71,77,240,1041,0,0,1
14,46,94,13695,1,0,1
84,68,246,17098,0,0,1
26,46,143,3004,0,0,1
52,67,209,17625,1,0,1
27,59,154,22239,1,0,0
66,70,214,13751,0,0,1
69,62,206,9608,0,0,1
94,88,244,17531,1,0,0
4,42,106,16486,0,0,1
78,71,215,15257,0,0,1
63,70,220,15073,1,0,1
3,37,104,9731,0,0,1
62,61,199,9196,0,0,1
88,81,243,2170,0,0,1
6,49,90,15143,0,0,1
24,51,147,21431,1,0,1
62,77,190,19490,1,0,0
85,81,249,9063,1,0,0
20,58,147,14646,0,0,1
34,57,131,8987,0,0,1
12,46,131,5858,0,0,1
9,57,94,18109,0,0,1
34,53,134,21339,0,0,1
26,58,145,18561,1,0,1
61,65,180,22860,0,0,0
76,81,236,3685,1,0,0
26,50,160,10815,0,0,1
58,71,183,17085,1,0,1
42,53,180,2929,1,0,1
33,53,137,18234,0,0,1
95,88,254,16822,0,0,1
2,48,83,14377,0,0,1
46,67,201,23169,0,0,0
83,87,231,14345,1,0,0
6,45,81,11435,0,0,1
70,65,201,13791,1,0,1
44,71,189,19380,1,0,1
53,73,214,3191,1,0,1
42,66,161,21079,0,0,1
39,51,180,15075,0,0,1
83,73,252,20520,1,0,1
93,86,277,3908,0,0,1
2,35,114,14541,1,0,1
44,70,155,5214,1,0,1
21,54,150,6667,1,0,1
97,92,290,20572,1,0,0
88,76,259,5679,0,0,1
7,48,101,11858,1,0,1
44,55,174,3937,0,0,1
29,57,138,2305,1,0,1
82,74,241,9981,1,0,1
69,77,209,1857,0,0,1
88,78,226,5267,1,0,0
24,49,119,17148,1,0,1
24,44,113,14527,1,0,1
86,71,216,6704,1,0,1
69,77,192,14124,0,0,1
94,82,238,7382,1,0,0
60,71,187,16291,1,0,1
53,69,169,13497,0,0,1
28,59,126,6348,1,0,1
55,74,214,6805,1,0,1
44,63,153,18950,1,0,1
70,71,192,1089,1,0,1
76,84,206,6261,1,0,0
42,51,168,2973,0,0,1
0,39,111,9258,0,0,1
6,46,84,22721,0,0,0
55,59,176,1973,0,0,1
95,91,252,16949,1,0,0
66,76,221,18612,1,0,0
96,86,282,2802,0,0,1
30,63,144,7780,1,0,1
32,65,134,4899,1,0,1
68,72,219,4785,0,0,1
88,76,227,21695,1,0,0
4,51,86,19948,1,0,1
26,52,145,13732,1,0,1
83,78,255,5787,1,0,0
42,59,147,10243,0,0,1
74,68,216,15144,0,0,1
14,55,110,23269,1,0,0
91,84,242,10933,0,0,1
65,71,214,19417,1,0,1
45,54,190,17466,1,0,1
37,53,177,10036,1,0,1
90,83,258,16464,0,0,1
25,45,148,16723,0,0,1
32,58,160,14820,1,0,1
12,49,95,8022,1,0,1
44,56,153,16120,0,0,1
78,67,208,20244,0,0,1
26,61,161,17861,0,0,1
44,59,166,10800,1,0,1
79,82,214,8605,1,0,0
56,67,177,16383,0,0,1
100,82,268,21357,0,0,1
16,46,135,20353,1,0,1
38,67,151,13346,1,0,1
29,57,128,3020,1,0,1
47,59,174,20277,1,0,1
72,81,203,13435,0,0,1
97,76,238,20526,0,0,1
6,46,116,18790,0,0,1
97,79,255,12445,0,0,1
68,68,213,11040,1,0,1
22,43,152,16621,0,0,1
44,70,176,5887,0,0,1
27,53,148,12755,0,0,1
86,70,214,13005,1,0,1
31,58,136,11966,0,0,1
51,65,167,6533,1,0,1
36,65,137,4794,0,0,1
59,77,223,16710,1,0,0
81,83,246,11527,0,0,1
63,63,215,18712,1,0,1
55,63,206,14289,1,0,1
17,44,118,12282,0,0,1
87,84,260,11319,0,0,1
35,49,130,23505,0,0,0
7,39,125,19033,0,0,1
92,76,238,18330,0,0,1
66,67,228,6185,0,0,1
12,39,116,21009,0,0,1
76,72,240,6335,0,0,1
15,55,102,21355,1,0,1
35,64,135,9354,1,0,1
1,48,107,15277,1,0,1
26,45,137,16549,1,0,1
60,60,201,12239,0,0,1
23,47,133,12695,0,0,1
10,42,126,17354,0,0,1
69,78,236,2372,1,0,0
37,54,139,6811,0,0,1
80,76,229,3805,1,0,0
75,68,208,6543,0,0,1
31,52,151,5010,1,0,1
22,45,120,14940,1,0,1
95,84,242,18441,0,0,1
75,66,224,13619,1,0,1
38,64,188,17492,0,0,1
22,59,113,7700,1,0,1
80,76,241,17457,0,0,1
31,58,155,20631,1,0,1
26,55,138,13142,1,0,1
34,63,142,15169,0,0,1
90,76,269,3009,0,0,1
21,52,111,9544,0,0,1
20,51,154,4678,1,0,1
41,67,165,2659,0,0,1
66,71,198,2900,1,0,1
56,68,210,10286,1,0,1
26,53,120,3948,1,0,1
58,58,202,17123,0,0,1
59,75,199,15073,0,0,1
59,67,198,3576,1,0,1
57,64,214,23865,1,0,0
5,41,92,6658,1,0,1
11,49,117,1726,1,0,1
68,68,196,4646,0,0,1
11,41,135,21095,1,0,1
65,71,205,19600,1,0,1
61,75,184,16948,1,0,1
42,67,185,10516,1,0,1
50,59,201,8052,1,0,1
68,66,207,8093,1,0,1
73,71,206,5279,1,0,1
82,72,211,13765,0,0,1
12,48,121,15571,0,0,1
14,49,137,20886,0,0,1
60,78,225,2324,0,0,1
39,53,142,8073,0,0,1
21,61,113,17744,1,0,1
17,41,133,5543,1,0,1
82,72,257,16620,0,0,1
12,47,132,9513,1,0,1
9,42,126,15710,0,0,1
61,70,177,11348,1,0,1
37,53,144,11494,0,0,1
96,78,255,20341,0,0,1
19,59,146,9983,1,0,1
65,79,234,19921,1,0,0
67,62,226,21147,0,0,1
40,52,163,3533,0,0,1
40,70,150,10867,1,0,1
4,54,116,10725,0,0,1
25,55,128,7167,0,0,1
97,88,277,13740,1,0,0
42,62,187,18621,0,0,1
46,70,201,16655,0,0,1
28,49,132,17147,1,0,1
94,77,277,8759,1,0,0
14,40,97,8242,0,0,1
24,62,132,23366,1,0,0
45,62,189,9526,1,0,1
11,43,107,1573,0,0,1
81,67,213,8920,1,0,1
26,53,136,13786,1,0,1
1,44,98,10812,1,0,1
97,80,244,3668,0,0,1
53,64,183,1200,0,0,1
40,60,185,11217,0,0,1
39,61,164,5749,0,0,1
50,69,197,3178,1,0,1
78,73,247,15805,0,0,1
14,43,128,1365,1,0,1
100,80,240,19411,1,0,0
89,81,261,15910,0,0,1
59,69,178,8630,1,0,1
67,73,226,1940,0,0,1
42,59,143,4537,0,0,1
13,46,123,20965,1,0,1
2,46,124,9708,1,0,1
69,80,220,23288,1,0,0
67,67,232,9993,0,0,1
31,48,164,9788,1,0,1
78,82,231,18562,1,0,0
83,84,229,3878,1,0,0
68,73,232,22742,0,0,0
64,66,212,8830,1,0,1
33,54,138,15735,0,0,1
6,54,89,5235,0,0,1
93,86,272,8305,1,0,0
100,83,263,13091,0,0,1
16,58,115,7033,1,0,1
93,84,244,12624,1,0,0
12,45,106,5306,1,0,1
19,59,154,4879,0,0,1
74,74,235,14860,1,0,1
98,76,236,2923,1,0,0
55,73,172,19641,1,0,1
86,75,255,23354,1,0,0
39,61,149,13417,1,0,1
11,45,93,20918,1,0,1
7,48,114,15152,0,0,1
63,68,196,6373,1,0,1
2,52,96,16484,0,0,1
57,61,191,18660,1,0,1
27,50,132,12681,1,0,1
41,66,157,10470,1,0,1
1,49,77,11406,0,0,1
60,77,197,18420,0,0,1
42,51,154,18792,1,0,1
8,47,120,2471,0,0,1
86,81,253,6175,1,0,0
81,77,242,4608,1,0,0
47,65,160,13007,1,0,1
34,54,129,17275,1,0,1
69,77,205,7762,0,0,1
36,65,181,23769,1,0,0
68,72,221,19968,0,0,1
68,80,209,7147,0,0,1
19,42,111,6222,0,0,1
61,60,197,18277,1,0,1
95,80,250,18211,1,0,0
25,46,155,19424,1,0,1
15,43,134,13084,0,0,1
12,42,103,2920,1,0,1
98,91,282,22002,0,0,0
23,51,140,13488,1,0,1
18,51,120,10426,0,0,1
9,38,121,6678,1,0,1
33,64,174,14960,0,0,1
35,64,178,20245,0,0,1
29,59,143,7670,1,0,1
12,45,116,15299,1,0,1
57,65,202,17823,0,0,1
88,81,232,11941,1,0,0
34,49,152,23347,0,0,0
53,56,161,17458,0,0,1
31,49,148,10762,1,0,1
68,62,194,13447,0,0,1
60,63,189,10514,0,0,1
41,53,173,9245,0,0,1
55,75,198,15780,0,0,1
67,74,197,18837,1,0,1
2,39,85,8739,0,0,1
40,54,142,13068,0,0,1
39,69,183,12172,0,0,1
80,77,241,13572,0,0,1
73,66,213,22057,1,0,0
11,39,129,12811,0,0,1
29,57,135,11828,1,0,1
77,76,204,13044,1,0,0
4,42,87,22032,0,0,0
70,64,202,8816,0,0,1
63,61,202,1009,0,0,1
15,42,105,3074,0,0,1
80,82,259,15134,1,0,0
43,53,178,4265,1,0,1
17,54,136,22750,0,0,0
67,68,194,19839,1,0,1
13,40,138,3176,0,0,1
34,49,156,16179,0,0,1
91,90,233,16650,0,0,1
60,77,180,9719,0,0,1
3,48,83,10334,0,0,1
57,69,188,5910,0,0,1
50,71,169,22412,1,0,0
21,47,115,7407,0,0,1
14,51,97,5428,0,0,1
24,48,125,21288,0,0,1
35,54,144,11095,1,0,1
54,69,181,9937,1,0,1
79,82,228,21701,1,0,0
44,56,176,14714,1,0,1
41,58,165,7014,1,0,1
93,85,254,16217,1,0,0
85,72,225,2566,1,0,1
60,74,193,13424,1,0,1
64,72,216,23462,0,0,0
1,35,110,1411,1,0,1
2,51,102,20234,0,0,1
46,65,155,2000,1,0,1
31,60,148,2582,1,0,1
22,48,124,15319,1,0,1
39,61,145,17497,1,0,1
77,65,220,2478,1,0,1
94,80,238,18749,0,0,1
43,61,184,2426,1,0,1
75,67,203,6408,1,0,1
48,56,163,13337,0,0,1
22,46,155,18239,0,0,1
19,44,106,16924,0,0,1
68,68,196,21668,0,0,1
92,72,248,10906,1,0,1
94,72,244,14116,0,0,1
88,79,243,22198,1,0,0
28,50,135,9678,0,0,1
42,68,148,6571,1,0,1
76,82,212,14062,1,0,0
52,55,176,2055,0,0,1
63,62,195,10386,0,0,1
20,47,142,9246,0,0,1
74,74,233,11989,1,0,1
12,39,120,12883,1,0,1
51,63,194,22453,0,0,0
80,80,238,9306,0,0,1
51,65,208,10318,1,0,1
20,55,156,3514,1,0,1
12,41,107,18100,1,0,1
31,64,143,13481,0,0,1
10,50,98,15330,0,0,1
90,77,252,8314,0,0,1
32,49,165,10526,1,0,1
31,55,142,3678,1,0,1
1,51,113,11670,1,0,1
78,68,247,15240,0,0,1
81,86,230,21610,1,0,0
29,52,143,15549,0,0,1
36,62,170,18410,1,0,1
33,65,137,16095,1,0,1
99,78,266,22741,1,0,0
35,58,146,5747,1,0,1
62,70,205,21999,1,0,1
40,60,181,22496,0,0,0
53,58,165,9104,0,0,1
60,70,211,5829,0,0,1
28,56,163,11105,1,0,1
43,63,166,2573,1,0,1
17,41,112,4167,1,0,1
25,58,132,9310,0,0,1
96,82,268,7829,0,0,1
79,79,243,17907,0,0,1
77,81,217,7059,1,0,0
45,62,166,20586,0,0,1
16,43,125,12090,1,0,1
45,64,183,11177,1,0,1
81,76,238,13401,1,0,0
22,46,112,17733,1,0,1
92,89,280,19613,0,0,1
84,69,229,14431,1,0,1
98,77,257,5653,1,0,0
65,65,228,10340,1,0,1
98,90,272,20837,1,0,0
35,58,132,7448,0,0,1
27,46,140,5766,0,0,1
11,51,122,7853,0,0,1
13,59,105,9850,1,0,1
4,38,91,17099,0,0,1
90,81,233,23405,0,0,0
1,47,94,4237,1,0,1
14,54,100,5211,1,0,1
64,71,226,21946,1,0,1
50,56,168,12166,0,0,1
61,64,219,22879,0,0,0
57,73,185,18212,1,0,1
5,40,106,10157,1,0,1
39,50,182,10680,1,0,1
20,61,110,19993,1,0,1
13,45,119,23619,0,0,0
44,59,151,17685,0,0,1
92,78,236,19746,1,0,0
45,70,184,12459,0,0,1
55,62,190,3487,1,0,1
91,78,233,1138,1,0,0
23,61,139,5003,1,0,1
48,72,170,22227,1,0,0
39,61,178,14067,1,0,1
74,73,239,12343,1,0,1
84,78,234,9441,1,0,0
15,47,144,3771,1,0,1
35,51,141,22589,0,0,0
87,80,260,7526,1,0,0
27,56,138,6526,1,0,1
47,57,157,14843,0,0,1
73,65,209,1431,0,0,1
5,44,110,3207,1,0,1
18,42,116,9835,0,0,1
76,75,234,18926,0,0,1
25,60,141,15246,1,0,1
73,79,208,10255,0,0,1
99,82,270,13503,1,0,0
13,57,138,14462,0,0,1
87,72,261,20828,0,0,1
91,82,261,19446,1,0,0
27,53,163,14182,1,0,1
15,52,100,8265,0,0,1
91,79,241,3191,0,0,1
4,49,125,8034,0,0,1
46,68,180,14105,0,0,1
63,76,202,16244,0,0,1
36,51,153,23007,1,0,0
50,61,197,9484,1,0,1
51,67,206,7193,1,0,1
69,79,240,3287,0,0,1
7,40,93,23809,1,0,0
30,58,136,18723,0,0,1
31,57,134,6646,0,0,1
17,53,150,19084,0,0,1
66,69,194,1641,0,0,1
58,67,175,3789,0,0,1
54,59,184,12071,1,0,1
41,70,172,6425,0,0,1
92,71,229,5828,0,0,1
53,62,208,21930,0,0,1
39,51,154,10215,1,0,1
80,84,243,9662,0,0,1
38,67,173,4484,1,0,1
8,44,127,21810,1,0,1
37,63,178,23585,1,0,0
80,82,228,22998,0,0,0
41,53,180,8890,1,0,1
65,66,199,2735,1,0,1
51,61,169,1426,1,0,1
57,62,187,17897,1,0,1
11,52,101,1607,1,0,1
67,71,188,17928,1,0,1
88,83,269,2583,0,0,1
16,41,128,12267,0,0,1
13,53,98,19248,0,0,1
57,67,199,1397,0,0,1
14,51,137,12795,1,0,1
23,63,118,19683,1,0,1
57,65,169,19582,0,0,1
1,44,103,11709,1,0,1
9,42,111,5201,0,0,1
46,61,183,6798,0,0,1
15,59,147,2036,1,0,1
83,79,230,10692,1,0,0
8,50,102,13031,0,0,1
32,50,143,20567,0,0,1
60,71,203,23300,1,0,0
32,52,154,18258,1,0,1
46,54,148,9007,0,0,1
78,81,245,7020,1,0,0
77,76,208,16528,1,0,0
58,63,208,23003,1,0,0
61,76,217,16603,0,0,1
20,44,123,14021,0,0,1
59,74,180,16727,1,0,1
94,73,249,1759,0,0,1
77,68,205,9480,1,0,1
91,85,267,21972,1,0,0
76,81,228,19902,0,0,1
0,45,80,9707,1,0,1
85,84,261,20399,0,0,1
45,53,163,19928,1,0,1
36,51,133,14468,0,0,1
99,86,241,18897,0,0,1
63,65,177,15829,0,0,1
54,65,191,5394,1,0,1
86,84,225,4242,1,0,0
21,61,147,2900,0,0,1
88,86,226,1058,0,0,1
0,50,120,6153,0,0,1
6,46,113,5136,1,0,1
96,78,275,20810,1,0,0
40,55,185,2146,1,0,1
77,66,221,21678,1,0,1
75,82,214,16082,0,0,1
70,69,222,4019,0,0,1
81,68,227,16551,0,0,1
45,60,157,2102,1,0,1
56,68,187,6413,1,0,1
99,82,268,10044,1,0,0
0,43,91,22205,0,0,0
46,61,191,8486,0,0,1
7,48,88,2066,0,0,1
51,55,162,19744,0,0,1
88,76,255,11705,0,0,1
75,77,231,13383,1,0,0
91,71,227,17937,0,0,1
41,68,162,11493,0,0,1
69,81,199,15348,0,0,1
95,86,243,19151,0,0,1
73,82,234,17238,1,0,0
71,71,225,13492,0,0,1
62,60,182,5402,1,0,1
18,44,112,23912,0,0,0
73,79,239,23226,1,0,0
99,85,252,20921,1,0,0
28,60,147,13267,0,0,1
36,52,157,23528,1,0,0
62,71,184,3769,0,0,1
83,84,219,6714,0,0,1
83,75,235,22081,1,0,0
15,42,121,2803,1,0,1
32,58,165,17838,0,0,1
27,55,141,7288,0,0,1
47,62,179,18794,0,0,1
66,77,217,19664,0,0,1
11,45,115,19836,1,0,1
29,49,134,11196,0,0,1
29,55,135,23671,0,0,0
64,63,213,2990,0,0,1
99,83,246,1179,1,0,0
74,72,227,23335,0,0,0
36,57,173,13787,0,0,1
34,67,162,4173,0,0,1
78,82,238,20645,0,0,1
49,66,166,4086,1,0,1
70,63,208,4602,1,0,1
78,82,228,4526,0,0,1
98,92,290,8663,1,0,0
25,56,152,21601,1,0,1
91,83,231,16337,0,0,1
27,62,167,19928,0,0,1
37,64,142,11583,0,0,1
44,62,149,4147,0,0,1
82,67,210,8309,0,0,1
36,66,169,22819,1,0,0
78,67,244,4427,1,0,1
66,80,222,12451,1,0,0
56,71,178,3967,0,0,1
83,72,236,3330,0,0,1
88,71,254,21302,1,0,1
37,59,170,19323,1,0,1
16,46,99,5128,0,0,1
62,71,199,13898,1,0,1
1,39,84,22500,0,0,0
52,62,196,15902,1,0,1
46,58,194,9330,1,0,1
68,81,223,20891,1,0,0
57,71,188,12676,0,0,1
5,38,110,23256,1,0,0
32,62,150,10805,0,0,1
3,42,94,13533,0,0,1
12,50,104,13247,0,0,1
82,85,249,17229,1,0,0
31,54,157,8283,1,0,1
42,66,167,18019,1,0,1
89,73,222,22487,1,0,0
58,69,173,13395,0,0,1
55,61,172,20677,1,0,1
2,44,95,10131,1,0,1
25,60,125,22178,0,0,0
27,59,150,18571,0,0,1
9,57,96,14143,0,0,1
91,78,233,18133,1,0,0
45,57,158,18127,0,0,1
14,55,105,7814,1,0,1
43,63,171,18378,1,0,1
5,38,109,18240,1,0,1
51,56,181,3877,0,0,1
91,88,267,11236,1,0,0
100,83,241,16197,0,0,1
58,75,206,3689,0,0,1
93,89,280,23258,1,0,0
55,74,206,13499,0,0,1
56,64,214,15658,0,0,1
28,56,144,10264,1,0,1
51,57,199,19340,1,0,1
49,61,164,2764,0,0,1
98,80,239,1438,0,0,1
97,85,275,22813,0,0,0
41,52,184,18476,1,0,1
5,50,117,18132,0,0,1
35,53,177,15898,0,0,1
43,55,184,11670,1,0,1
35,55,176,21231,0,0,1
72,64,214,16440,0,0,1
49,63,180,2004,1,0,1
46,67,195,5502,1,0,1
90,81,264,21054,0,0,1
26,53,155,10754,1,0,1
21,53,147,1026,0,0,1
48,54,175,18769,0,0,1
28,59,164,1427,0,0,1
62,66,205,2503,0,0,1
50,57,184,9237,1,0,1
25,61,135,13749,1,0,1
94,88,261,8999,1,0,0
90,83,250,17503,1,0,0
58,60,176,13159,1,0,1
38,68,170,14023,0,0,1
75,72,225,23428,1,0,0
49,69,179,13275,0,0,1
64,75,220,3524,1,0,1
96,74,275,6215,0,0,1
95,81,268,11802,1,0,0
27,57,122,9025,1,0,1
46,62,175,3500,1,0,1
64,67,223,21204,0,0,1
56,76,198,4221,1,0,0
20,51,108,20829,1,0,1
54,75,210,23971,1,0,0
5,55,85,13106,0,0,1
67,73,232,15794,0,0,1
33,62,140,17124,0,0,1
48,55,181,22801,1,0,0
70,63,211,9982,1,0,1
26,59,131,9690,0,0,1
17,47,145,7619,1,0,1
99,84,273,3856,1,0,0
86,75,220,7712,0,0,1
20,51,146,16173,1,0,1
62,60,181,6325,1,0,1
37,59,173,21093,1,0,1
100,81,285,10533,1,0,0
78,85,258,2210,1,0,0
83,73,219,23314,1,0,0
100,75,241,15641,1,0,1
79,85,254,6094,0,0,1
28,58,144,8993,0,0,1
60,59,184,23761,0,0,0
45,58,161,18072,1,0,1
21,46,120,3137,0,0,1
39,57,172,19010,1,0,1
80,70,241,23461,1,0,0
64,78,201,6112,0,0,1
63,75,206,1919,0,0,1
7,52,95,2721,1,0,1
97,79,235,15783,0,0,1
79,76,209,19432,0,0,1
84,70,251,7452,0,0,1
63,61,188,17580,0,0,1
38,55,141,9870,0,0,1
47,68,160,13483,1,0,1
93,79,246,11308,0,0,1
18,47,110,11215,1,0,1
84,70,245,18227,1,0,1
8,57,102,14344,1,0,1
85,88,256,20431,1,0,0
95,85,239,1123,1,0,0
90,79,243,11467,1,0,0
23,55,138,9185,0,0,1
10,48,136,23332,1,0,0
84,77,234,10645,0,0,1
85,72,238,7880,0,0,1
5,54,91,6534,0,0,1
20,60,158,19424,1,0,1
91,83,240,16147,0,0,1
83,84,233,23083,1,0,0
68,63,218,22380,1,0,0
19,51,110,21246,1,0,1
2,53,79,18598,1,0,1
12,41,131,1923,1,0,1
77,83,224,11846,0,0,1
29,58,147,23070,1,0,0
34,61,141,7226,0,0,1
25,49,114,13661,0,0,1
16,55,144,12763,1,0,1
81,78,225,8674,0,0,1
49,56,175,9197,1,0,1
35,59,137,22583,0,0,0
97,84,255,15256,0,0,1
97,73,260,11597,0,0,1
64,74,186,2233,0,0,1
17,50,142,21630,0,0,1
53,67,198,10781,0,0,1
90,74,260,11914,1,0,1
46,68,190,7718,0,0,1
86,79,237,11728,0,0,1
2,50,120,14548,0,0,1
94,74,231,13493,0,0,1
17,52,136,21587,0,0,1
64,62,182,3916,0,0,1
63,75,197,10715,0,0,1
26,62,126,8729,0,0,1
15,43,133,3203,0,0,1
6,38,104,4375,1,0,1
2,38,82,22843,0,0,0
53,72,207,16706,0,0,1
12,43,100,23424,1,0,0
25,59,150,12472,1,0,1
35,65,143,7261,1,0,1
56,59,193,12002,1,0,1
42,62,168,16488,1,0,1
95,88,247,5174,1,0,0
33,54,148,16597,1,0,1
23,45,137,4273,0,0,1
89,88,273,9307,1,0,0
65,68,213,23426,0,0,0
78,73,245,13332,1,0,1
60,71,183,4132,1,0,1
74,76,236,22718,1,0,0
45,61,158,6296,1,0,1
1,35,88,9804,1,0,1
31,52,158,13934,0,0,1
87,86,250,14052,0,0,1
46,68,178,19120,1,0,1
30,54,158,13403,0,0,1
30,61,131,7855,1,0,1
17,50,108,11010,1,0,1
20,61,147,9963,0,0,1
3,51,128,11984,1,0,1
25,58,141,18782,0,0,1
86,74,264,12828,1,0,1
33,62,156,20857,1,0,1
45,56,188,20295,0,0,1
69,66,207,12774,0,0,1
86,86,250,13348,0,0,1
77,74,222,22440,1,0,0
77,67,240,6172,1,0,1
59,77,178,22834,1,0,0
16,43,100,14113,0,0,1
95,91,271,17416,1,0,0
33,57,128,22713,1,0,0
12,47,125,18541,1,0,1
42,51,173,22677,1,0,0
99,84,260,16046,0,0,1
12,40,114,21770,1,0,1
14,59,146,1178,1,0,1
2,50,108,9481,0,0,1
1,50,87,15185,0,0,1
43,57,181,13374,1,0,1
28,55,127,6645,1,0,1
18,50,140,19931,1,0,1
100,87,289,5418,0,0,1
0,38,85,15785,1,0,1
54,63,189,18892,0,0,1
58,58,178,15491,1,0,1
17,57,109,23741,1,0,0
80,82,241,13810,0,0,1
56,58,207,7862,1,0,1
38,57,172,13612,0,0,1
86,81,251,1061,1,0,0
15,50,138,18614,1,0,1
57,57,211,10405,1,0,1
11,46,96,19911,1,0,1
94,86,238,13340,1,0,0
81,75,258,8974,0,0,1
45,64,194,20688,1,0,1
9,43,113,6502,1,0,1
66,78,208,20565,1,0,0
3,46,88,14399,1,0,1
99,87,284,19642,0,0,1
93,82,264,17872,0,0,1
65,78,212,15779,0,0,1
80,68,249,3348,0,0,1
91,78,254,3750,0,0,1
79,69,222,4058,0,0,1
40,57,173,4209,0,0,1
95,75,240,17671,1,0,1
41,69,169,3598,1,0,1
17,60,105,8184,1,0,1
70,64,230,15967,1,0,1
93,90,272,15646,1,0,0
9,39,99,9325,1,0,1
100,79,247,21782,1,0,0
98,90,286,18029,0,0,1
2,42,86,3435,0,0,1
40,63,182,17087,0,0,1
45,56,175,16854,0,0,1
35,52,144,21761,1,0,1
90,77,245,16384,0,0,1
93,87,243,13271,0,0,1
1,53,117,23259,0,0,0
21,44,150,6648,1,0,1
6,53,102,17125,0,0,1
79,74,234,15482,0,0,1
79,66,210,23844,1,0,0
0,35,77,1865,1,0,1
27,64,169,15886,1,0,1
92,89,252,14555,0,0,1
33,61,154,10858,1,0,1
99,90,252,16471,0,0,1
51,70,161,11165,1,0,1
56,70,204,17593,0,0,1
55,60,196,18950,1,0,1
64,62,177,23264,0,0,0
98,75,269,3164,0,0,1
52,60,200,17681,1,0,1
98,93,271,16801,1,0,0
2,39,101,20001,0,0,1
16,59,128,8315,1,0,1
34,48,126,19177,1,0,1
97,89,277,20384,0,0,1
35,58,150,12967,0,0,1
31,50,165,9795,1,0,1
48,71,166,12636,0,0,1
85,78,260,19990,0,0,1
45,54,182,15029,0,0,1
86,77,256,10243,1,0,0
70,63,228,8369,0,0,1
48,63,202,3042,1,0,1
22,43,132,9883,0,0,1
47,58,178,16675,1,0,1
83,87,227,16413,1,0,0
39,55,142,22621,0,0,0
32,61,159,1444,1,0,1
84,73,222,14119,0,0,1
83,72,228,10929,1,0,1
55,62,179,11121,1,0,1
92,82,268,19171,0,0,1
33,61,133,5763,1,0,1
67,63,209,21751,1,0,1
73,83,223,17647,1,0,0
23,62,158,5038,1,0,1
49,57,174,19793,0,0,1
65,80,214,5752,1,0,0
14,44,100,6772,0,0,1
99,82,250,5703,0,0,1
46,60,178,7097,1,0,1
73,70,224,17541,0,0,1
73,64,227,17568,1,0,1
60,74,183,14222,0,0,1
59,75,176,19110,0,0,1
45,69,193,10158,0,0,1
26,52,143,7212,0,0,1
21,56,114,8300,0,0,1
6,41,103,2625,0,0,1
61,65,217,18919,1,0,1
86,81,239,23979,1,0,0
85,77,262,23015,1,0,0
64,75,213,3312,0,0,1
25,60,148,17411,1,0,1
26,53,155,15084,0,0,1
67,63,222,13312,0,0,1
22,59,145,18647,0,0,1
8,49,104,20560,1,0,1
15,59,114,18007,0,0,1
42,63,179,2998,1,0,1
67,66,197,7213,0,0,1
75,66,242,22709,0,0,0
2,47,125,2992,0,0,1
22,49,154,13313,0,0,1
15,52,116,13789,1,0,1
79,74,251,7189,0,0,1
84,77,241,22040,1,0,0
69,76,213,8928,0,0,1
0,54,85,21029,1,0,1
50,69,196,20185,1,0,1
11,54,117,4514,1,0,1
69,63,217,14874,0,0,1
33,50,151,11871,1,0,1
37,55,170,18770,0,0,1
96,85,253,7359,0,0,1
71,80,196,12292,1,0,0
74,74,246,12380,0,0,1
97,89,258,10749,0,0,1
46,61,173,2521,1,0,1
18,60,121,6681,1,0,1
22,50,109,3241,0,0,1
93,76,228,18061,1,0,0
50,59,189,11457,0,0,1
90,75,245,22568,1,0,0
3,41,107,1748,1,0,1
28,64,152,3515,0,0,1
21,44,116,12997,1,0,1
92,89,240,15760,1,0,0
57,57,207,17528,1,0,1
26,56,140,1685,0,0,1
32,49,127,14259,0,0,1
73,66,234,9203,1,0,1
100,81,244,13731,0,0,1
47,65,179,19525,0,0,1
51,59,198,19948,0,0,1
82,79,240,8632,1,0,0
15,51,123,7844,1,0,1
17,57,145,11312,0,0,1
92,73,249,16805,0,0,1
91,76,230,8324,1,0,0
97,92,260,13732,1,0,0
98,80,283,14442,0,0,1
90,81,274,21401,0,0,1
80,81,240,18440,1,0,0
98,83,256,16751,1,0,0
61,60,191,23348,0,0,0
33,50,154,10539,1,0,1
8,44,122,9299,1,0,1
35,51,129,6367,0,0,1
18,52,117,13186,0,0,1
3,47,80,8485,1,0,1
47,66,163,21833,1,0,1
75,82,247,10120,1,0,0
7,41,118,21917,1,0,1
0,54,112,10042,0,0,1
46,67,179,16202,1,0,1
56,75,212,18932,0,0,1
45,59,185,20355,0,0,1
82,78,219,15663,1,0,0
57,74,189,3015,0,0,1
84,85,262,12033,0,0,1
4,38,93,3848,0,0,1
71,67,226,16438,1,0,1
40,61,149,17384,0,0,1
17,44,107,16980,0,0,1
31,66,160,6856,0,0,1
86,81,261,2992,1,0,0
2,43,88,3364,1,0,1
57,67,188,6478,1,0,1
92,75,237,5683,1,0,1
