utilization_gpu,gpu_temp,power_draw_w,gpu_mem_used,job_type_training,throttling,good_placement
34,55,132,21232,0,0,1
19,47,136,19733,1,0,1
17,50,134,15564,1,0,1
11,43,131,10243,0,0,1
77,76,219,22148,1,0,0
89,70,227,4465,1,0,1
49,73,182,20003,0,0,1
99,86,267,9295,0,0,1
75,72,209,21077,0,0,1
69,76,229,21717,1,0,0
24,47,149,7825,0,0,1
53,66,166,11006,1,0,1
27,53,138,17053,0,0,1
60,61,211,15495,1,0,1
40,58,182,6940,1,0,1
96,76,261,12365,1,0,0
45,57,174,21979,1,0,1
21,47,121,20518,0,0,1
44,71,190,8076,1,0,1
86,83,227,23558,0,0,0
90,77,238,8118,0,0,1
22,45,113,2506,0,0,1
81,75,254,5798,1,0,1
49,68,183,23989,0,0,0
6,43,85,17659,1,0,1
53,70,203,14324,0,0,1
4,38,111,7539,1,0,1
65,78,192,7680,0,0,1
85,87,228,4739,1,0,0
45,68,155,16746,0,0,1
12,39,114,7214,1,0,1
17,46,128,11991,1,0,1
26,47,122,23177,0,0,0
92,85,265,6293,0,0,1
68,72,221,13425,0,0,1
76,72,219,10302,0,0,1
37,55,152,13034,0,0,1
9,48,92,19461,0,0,1
7,50,102,7747,1,0,1
82,73,246,2304,1,0,1
28,47,131,22056,0,0,0
69,66,222,14964,1,0,1
98,80,254,23298,0,0,0
98,84,270,6721,0,0,1
44,68,154,21195,1,0,1
22,57,135,4618,0,0,1
6,38,95,5102,1,0,1
70,82,221,22151,1,0,0
90,89,262,12286,1,0,0
70,78,210,23814,1,0,0
44,55,170,6663,0,0,1
11,41,90,4568,0,0,1
7,44,116,14427,0,0,1
81,74,243,18377,0,0,1
98,92,278,6576,1,0,0
88,81,246,3672,1,0,0
16,44,110,18909,0,0,1
82,67,247,22456,1,0,0
54,58,182,6489,1,0,1
79,79,232,3105,0,0,1
68,64,206,15463,0,0,1
80,82,234,6719,0,0,1
75,76,248,17689,0,0,1
28,51,131,4416,0,0,1
39,62,188,9273,0,0,1
89,78,243,9587,0,0,1
71,80,212,18269,0,0,1
90,74,241,3565,1,0,1
33,62,158,23867,1,0,0
46,71,196,3132,0,0,1
21,54,111,16114,1,0,1
49,71,200,10507,0,0,1
56,59,195,19179,0,0,1
76,83,252,23354,1,0,0
87,88,225,8369,1,0,0
16,51,144,12365,0,0,1
8,49,111,23271,0,0,0
61,68,204,22918,1,0,0
34,54,143,21470,0,0,1
64,71,195,3934,1,0,1
3,53,113,15091,1,0,1
94,74,273,23325,1,0,0
55,68,184,14680,0,0,1
51,74,200,8054,1,0,1
7,55,122,12359,0,0,1
63,66,190,16060,1,0,1
0,49,75,21595,1,0,1
1,48,118,14814,1,0,1
94,88,264,5495,1,0,0
66,62,195,19438,0,0,1
18,59,145,7164,1,0,1
77,71,212,18940,0,0,1
50,67,162,15803,0,0,1
87,75,263,8997,0,0,1
10,55,115,13347,0,0,1
4,44,107,2921,1,0,1
63,71,226,15690,0,0,1
89,77,236,2013,0,0,1
69,75,239,6980,1,0,1
23,48,121,4169,0,0,1
8,56,125,21398,0,0,1
46,72,164,6908,1,0,1
0,36,100,14165,0,0,1
81,71,231,11802,1,0,1
60,72,201,20517,1,0,1
55,69,185,1856,0,0,1
57,69,173,19149,1,0,1
5,46,106,5979,1,0,1
90,83,230,17625,0,0,1
58,75,193,12751,0,0,1
90,88,274,17066,0,0,1
73,75,241,10788,0,0,1
43,53,155,10910,0,0,1
89,79,258,5181,1,0,0
7,44,87,23398,1,0,0
9,50,123,2728,0,0,1
6,38,99,17022,1,0,1
0,43,118,8783,0,0,1
58,58,169,6485,1,0,1
1,43,93,17794,1,0,1
87,72,248,3602,1,0,1
6,54,93,14209,1,0,1
73,78,229,14742,1,0,0
92,80,266,16927,0,0,1
66,66,188,6405,1,0,1
55,75,183,13180,1,0,1
40,52,138,18745,0,0,1
56,65,198,17000,0,0,1
13,51,138,10388,1,0,1
52,60,193,12532,0,0,1
8,57,138,21960,0,0,1
60,62,218,8953,0,0,1
9,45,103,1237,0,0,1
64,69,224,4067,0,0,1
4,36,86,16950,1,0,1
66,61,188,10904,0,0,1
46,59,170,11304,0,0,1
57,64,174,13269,0,0,1
20,59,156,23392,1,0,0
91,73,225,21552,0,0,1
58,62,180,10306,0,0,1
64,66,180,14361,0,0,1
84,82,223,3942,1,0,0
50,71,170,23356,1,0,0
48,64,169,1461,0,0,1
42,57,190,16443,1,0,1
93,83,264,11742,0,0,1
66,68,225,23850,0,0,0
49,54,181,4908,1,0,1
48,73,167,18249,0,0,1
13,44,103,1834,0,0,1
8,39,96,14121,1,0,1
53,70,204,17920,1,0,1
30,63,145,1961,1,0,1
99,90,261,3079,0,0,1
86,82,268,3074,1,0,0
99,80,247,12182,0,0,1
92,73,234,16804,1,0,1
57,62,203,12065,0,0,1
90,77,264,9811,1,0,0
69,66,200,17059,1,0,1
90,84,230,13811,1,0,0
19,55,125,6232,0,0,1
29,61,149,15789,1,0,1
81,78,248,4001,1,0,0
42,60,144,4391,1,0,1
68,62,220,15956,0,0,1
72,70,193,16643,1,0,1
99,91,270,9656,1,0,0
27,46,122,14882,0,0,1
11,49,124,16699,0,0,1
67,77,207,20622,1,0,0
5,41,104,21139,0,0,1
79,80,256,12636,1,0,0
62,75,210,16376,0,0,1
50,72,210,5953,0,0,1
32,49,160,11239,0,0,1
98,92,256,6985,0,0,1
59,63,174,14710,1,0,1
8,46,128,12790,1,0,1
44,58,173,17498,1,0,1
42,59,145,11215,1,0,1
81,77,231,12088,1,0,0
58,60,215,17789,1,0,1
57,61,206,19898,1,0,1
26,61,124,6259,1,0,1
11,42,130,15383,0,0,1
4,45,86,11288,0,0,1
43,71,156,13300,1,0,1
72,66,224,22103,1,0,0
45,53,176,18863,0,0,1
31,56,165,20377,0,0,1
78,70,207,20423,0,0,1
84,68,259,5661,0,0,1
70,68,237,4003,1,0,1
76,84,221,17212,1,0,0
16,55,139,23219,0,0,0
84,73,241,3996,1,0,1
73,74,216,15012,1,0,1
80,68,236,9090,1,0,1
17,41,105,5672,0,0,1
40,61,152,17419,1,0,1
58,65,204,4428,1,0,1
95,75,244,21432,1,0,1
14,59,111,9920,0,0,1
33,65,151,19831,0,0,1
49,67,200,8411,1,0,1
62,62,201,7326,0,0,1
34,57,133,10383,0,0,1
59,73,189,12802,1,0,1
11,49,101,1530,0,0,1
1,36,94,16430,0,0,1
56,59,171,17564,0,0,1
22,43,104,14994,0,0,1
9,54,113,11455,0,0,1
45,70,167,20816,1,0,1
46,55,187,16714,1,0,1
80,72,207,16408,0,0,1
20,52,108,16798,0,0,1
8,49,126,17194,1,0,1
30,62,152,7466,0,0,1
67,61,182,21754,0,0,1
42,56,181,11614,0,0,1
48,69,182,23395,1,0,0
39,56,175,17263,0,0,1
93,87,260,13533,1,0,0
23,50,140,9861,0,0,1
82,80,246,21882,1,0,0
33,54,143,3267,0,0,1
22,62,151,14646,0,0,1
57,68,190,11777,0,0,1
80,73,239,17266,1,0,1
63,69,188,3589,1,0,1
63,64,206,18291,0,0,1
89,72,252,10946,0,0,1
64,67,226,5947,1,0,1
87,87,225,16025,0,0,1
66,67,222,2530,1,0,1
50,57,192,2723,1,0,1
95,75,259,10730,1,0,1
30,54,149,23683,0,0,0
12,56,133,13632,0,0,1
72,76,245,1920,0,0,1
63,70,181,5312,1,0,1
28,52,167,17336,0,0,1
72,71,235,22748,1,0,0
31,47,161,5234,1,0,1
41,52,154,4810,1,0,1
0,51,89,8713,0,0,1
39,57,147,22701,1,0,0
57,70,176,18346,0,0,1
93,88,249,12096,1,0,0
55,65,194,18167,0,0,1
16,51,100,11962,0,0,1
66,74,208,10323,0,0,1
12,47,97,7216,1,0,1
19,51,109,4756,0,0,1
2,54,116,19553,1,0,1
27,64,164,23111,1,0,0
80,72,249,22527,1,0,0
57,59,187,13622,1,0,1
58,67,189,4949,1,0,1
37,66,145,2245,0,0,1
77,66,210,19797,0,0,1
91,76,258,15624,0,0,1
8,56,93,9674,0,0,1
92,71,234,22585,0,0,0
3,48,118,21909,0,0,1
60,73,191,3378,0,0,1
88,82,228,12049,0,0,1
3,49,79,18005,1,0,1
39,50,146,17528,0,0,1
46,67,159,11871,1,0,1
81,83,231,2237,0,0,1
24,60,165,11054,0,0,1
38,56,179,13512,0,0,1
42,52,142,23061,0,0,0
32,60,152,1035,1,0,1
31,54,150,15577,1,0,1
34,53,135,2637,1,0,1
97,73,271,12543,1,0,1
40,56,180,12096,1,0,1
33,64,152,22673,1,0,0
17,57,141,4871,0,0,1
64,79,186,11585,0,0,1
16,59,148,5703,0,0,1
17,53,114,2196,0,0,1
61,76,196,9517,0,0,1
66,63,226,20441,0,0,1
18,53,130,15006,1,0,1
67,64,197,1646,0,0,1
72,77,232,21379,0,0,1
74,82,209,12502,0,0,1
73,76,229,23158,0,0,0
26,51,118,12742,1,0,1
19,53,141,23501,0,0,0
69,62,206,22693,0,0,0
74,80,244,5581,1,0,0
98,92,270,4850,1,0,0
74,74,238,1646,0,0,1
83,69,257,2376,1,0,1
22,43,153,9458,0,0,1
33,64,135,15029,1,0,1
10,48,108,19492,0,0,1
19,53,140,9766,1,0,1
36,57,155,20518,1,0,1
79,85,233,11137,1,0,0
21,62,112,16599,0,0,1
3,42,104,3460,0,0,1
48,64,172,7190,1,0,1
62,76,229,20446,1,0,0
80,80,250,18254,0,0,1
43,52,162,6205,0,0,1
100,90,258,1148,0,0,1
84,84,252,9315,1,0,0
99,79,282,14656,1,0,0
71,70,230,1924,0,0,1
10,56,126,15547,0,0,1
49,60,191,23191,1,0,0
77,72,244,11705,1,0,1
56,71,171,15525,1,0,1
22,47,129,10300,1,0,1
75,78,220,22481,1,0,0
27,48,138,12192,0,0,1
72,69,224,14411,0,0,1
34,62,159,2732,0,0,1
12,51,142,23634,0,0,0
75,75,230,2693,1,0,1
21,47,122,10564,1,0,1
98,81,246,21918,1,0,0
59,64,217,2060,1,0,1
55,69,205,6650,1,0,1
88,73,226,4490,1,0,1
32,59,128,14723,0,0,1
18,49,118,19115,1,0,1
83,74,233,9621,1,0,1
27,46,129,11723,0,0,1
39,54,156,21576,0,0,1
78,84,238,20644,0,0,1
77,81,247,16369,1,0,0
60,68,192,3631,1,0,1
97,74,266,1190,0,0,1
78,74,225,13560,1,0,1
93,72,262,6040,1,0,1
95,85,258,5010,1,0,0
51,67,198,9494,0,0,1
100,83,283,16302,0,0,1
33,53,141,1851,1,0,1
72,68,227,3417,0,0,1
17,45,118,13567,0,0,1
7,45,102,7230,0,0,1
70,63,205,13331,0,0,1
16,42,116,13672,1,0,1
88,82,261,21287,1,0,0
78,75,228,22117,1,0,0
81,75,258,2504,0,0,1
60,76,222,2411,0,0,1
11,51,130,1881,0,0,1
14,47,100,5471,1,0,1
58,66,197,4892,0,0,1
50,63,177,22793,0,0,0
31,55,137,5130,0,0,1
32,60,146,5574,1,0,1
9,55,118,4644,1,0,1
77,74,221,17939,0,0,1
77,83,230,15479,1,0,0
59,73,202,17403,1,0,1
6,41,115,16045,1,0,1
17,49,112,23881,1,0,0
75,79,204,11225,1,0,0
35,60,147,15662,0,0,1
92,89,234,12815,0,0,1
61,70,220,17303,1,0,1
83,77,223,15590,1,0,0
92,86,279,4273,0,0,1
69,71,226,11726,0,0,1
39,50,154,3879,0,0,1
19,58,126,3078,0,0,1
84,71,252,4907,1,0,1
7,48,124,3774,1,0,1
34,57,166,21467,1,0,1
66,73,216,13699,0,0,1
54,60,172,15197,0,0,1
83,70,226,21487,0,0,1
98,76,237,10509,1,0,0
95,78,269,17908,0,0,1
37,49,162,3950,0,0,1
66,72,208,20013,0,0,1
64,76,214,16529,1,0,0
17,47,130,19114,0,0,1
27,60,144,14239,1,0,1
72,65,202,5466,0,0,1
26,58,120,21592,1,0,1
44,67,159,23583,0,0,0
66,69,226,11407,1,0,1
59,60,211,5227,1,0,1
94,78,261,4285,0,0,1
58,58,181,17311,1,0,1
61,65,184,17573,1,0,1
8,46,87,21689,1,0,1
33,56,139,14983,1,0,1
53,68,168,16883,1,0,1
50,55,178,22932,0,0,0
76,72,212,13947,0,0,1
10,45,94,22355,0,0,0
1,42,79,6968,0,0,1
80,70,254,13401,0,0,1
38,55,171,16700,0,0,1
16,59,124,6235,0,0,1
90,83,259,23122,1,0,0
49,69,174,2477,1,0,1
24,61,159,10646,1,0,1
48,62,198,16637,1,0,1
37,63,138,16500,0,0,1
44,62,165,10657,0,0,1
15,45,131,10912,0,0,1
53,64,191,20345,0,0,1
74,64,222,11502,0,0,1
3,48,110,12114,0,0,1
48,66,165,10924,1,0,1
77,70,204,16915,1,0,1
85,70,213,3517,1,0,1
47,62,192,22701,0,0,0
87,72,228,16045,1,0,1
89,78,238,5932,0,0,1
12,43,92,12751,0,0,1
14,43,95,17098,1,0,1
27,52,150,10355,1,0,1
13,52,144,5903,1,0,1
11,42,89,2782,1,0,1
1,48,93,18363,0,0,1
20,51,129,7526,1,0,1
53,58,160,5624,0,0,1
30,57,165,13246,0,0,1
39,61,175,12982,0,0,1
62,60,180,16302,0,0,1
98,90,267,21386,0,0,1
72,66,193,8565,1,0,1
74,72,231,18914,0,0,1
21,44,122,13058,0,0,1
28,51,135,12768,0,0,1
8,49,135,7506,1,0,1
83,81,260,7314,0,0,1
46,72,197,5738,0,0,1
39,63,166,2500,0,0,1
2,44,106,2900,1,0,1
55,75,198,23198,1,0,0
80,75,245,23529,0,0,0
71,73,195,12671,0,0,1
50,70,188,9222,1,0,1
88,89,274,21233,0,0,1
95,86,260,6535,1,0,0
15,60,125,3194,0,0,1
95,89,250,6896,1,0,0
35,55,148,19141,0,0,1
43,65,193,19930,0,0,1
90,72,226,23507,1,0,0
26,55,158,5239,1,0,1
84,77,258,20746,1,0,0
5,49,90,15833,0,0,1
0,39,98,17488,0,0,1
83,68,209,22973,0,0,0
91,83,244,9348,0,0,1
18,50,120,19996,0,0,1
54,57,177,15904,0,0,1
3,41,115,16746,1,0,1
65,74,229,3521,1,0,1
87,82,221,8314,0,0,1
85,72,221,4795,1,0,1
47,64,168,13486,1,0,1
65,62,203,9400,0,0,1
62,63,179,1187,1,0,1
58,70,185,11332,1,0,1
55,66,192,11792,0,0,1
66,70,223,23692,1,0,0
62,77,182,12618,1,0,0
81,70,244,19413,1,0,1
43,68,161,22687,1,0,0
74,65,238,21541,1,0,1
9,48,95,23277,1,0,0
21,53,117,2100,1,0,1
82,75,249,13702,1,0,1
58,69,192,1442,1,0,1
76,67,240,7563,1,0,1
99,77,255,1180,0,0,1
54,68,202,19492,0,0,1
80,85,230,18070,0,0,1
7,42,127,5140,0,0,1
66,76,201,3760,1,0,0
49,71,189,20409,0,0,1
34,66,158,15042,1,0,1
64,61,213,23314,0,0,0
5,37,99,6478,0,0,1
83,84,237,18661,1,0,0
11,52,134,3490,0,0,1
24,53,158,2512,0,0,1
87,83,227,20634,1,0,0
15,58,115,7954,0,0,1
38,54,175,22164,1,0,0
70,72,198,5594,0,0,1
100,92,289,9787,0,0,1
15,55,115,14044,0,0,1
40,58,146,13235,0,0,1
49,54,165,8382,0,0,1
77,82,221,2727,1,0,0
78,85,256,6962,1,0,0
80,84,254,5272,0,0,1
88,82,238,19263,1,0,0
67,68,221,23723,1,0,0
8,51,91,9256,0,0,1
59,62,198,2440,0,0,1
8,50,112,5945,0,0,1
15,52,139,19139,0,0,1
82,85,263,4679,0,0,1
1,43,107,6346,0,0,1
52,62,178,5490,1,0,1
43,53,164,1383,1,0,1
92,72,265,6725,1,0,1
44,56,151,22233,0,0,0
98,91,256,6481,0,0,1
27,54,123,12144,0,0,1
55,67,196,21644,0,0,1
74,73,229,16727,0,0,1
46,57,173,13092,1,0,1
92,80,262,5455,0,0,1
91,72,253,2453,0,0,1
82,84,247,9255,1,0,0
90,84,237,21814,1,0,0
92,86,254,23998,1,0,0
21,62,149,13874,0,0,1
78,66,235,10896,0,0,1
0,41,115,22552,0,0,0
61,59,216,8162,0,0,1
76,80,253,17472,1,0,0
47,56,180,20371,0,0,1
92,75,270,7785,1,0,1
84,68,234,20731,1,0,1
45,63,150,14331,0,0,1
93,76,240,2866,1,0,0
90,76,246,23342,0,0,0
37,52,140,9493,1,0,1
93,87,245,12691,0,0,1
78,72,242,11806,0,0,1
76,75,245,23689,0,0,0
21,58,117,6183,0,0,1
92,81,228,5350,1,0,0
91,80,239,2968,1,0,0
26,54,118,21354,0,0,1
25,54,137,5244,1,0,1
12,48,101,1365,0,0,1
10,46,121,7267,1,0,1
80,70,210,21948,0,0,1
84,70,251,4415,1,0,1
41,57,177,2263,1,0,1
90,73,221,6475,0,0,1
75,68,242,3966,1,0,1
34,56,160,11516,1,0,1
1,47,108,20326,0,0,1
38,66,145,13511,1,0,1
98,76,282,22971,0,0,0
40,69,181,1513,0,0,1
7,52,86,3725,0,0,1
89,78,224,14001,1,0,0
66,65,212,12836,1,0,1
59,75,204,11062,0,0,1
2,47,84,12708,1,0,1
80,67,251,23380,0,0,0
83,84,254,18776,1,0,0
51,66,160,14930,1,0,1
28,61,141,17192,1,0,1
48,69,189,1697,1,0,1
17,51,121,8458,0,0,1
3,49,90,5465,0,0,1
84,82,253,18824,1,0,0
52,73,193,7838,0,0,1
16,52,141,18235,0,0,1
52,66,163,22569,0,0,0
52,57,187,12192,1,0,1
3,51,116,8803,0,0,1
26,47,126,8684,1,0,1
40,60,159,3112,0,0,1
61,66,191,21889,0,0,1
17,56,126,16185,0,0,1
66,73,224,22197,1,0,0
43,66,175,8459,0,0,1
61,59,186,6687,1,0,1
82,78,250,4027,0,0,1
51,74,194,12903,1,0,1
89,74,269,22221,0,0,0
78,76,223,12491,0,0,1
75,68,220,13630,1,0,1
92,78,247,7957,1,0,0
51,65,191,16301,1,0,1
20,61,142,2886,0,0,1
36,52,172,13811,0,0,1
47,68,160,19121,0,0,1
76,73,227,13965,1,0,1
49,70,168,2625,0,0,1
47,63,191,17649,0,0,1
44,57,165,19543,1,0,1
17,46,114,6351,0,0,1
39,58,167,16420,0,0,1
93,90,270,12937,1,0,0
62,69,185,7334,1,0,1
100,80,245,14711,0,0,1
85,72,215,3742,1,0,1
24,48,113,22635,0,0,0
52,73,165,8730,1,0,1
13,43,128,18409,0,0,1
24,53,149,10896,1,0,1
12,39,133,6568,1,0,1
43,62,178,6320,0,0,1
69,69,221,14030,0,0,1
8,56,122,19566,0,0,1
2,39,111,6760,0,0,1
5,51,113,8974,0,0,1
9,46,97,5260,0,0,1
75,76,239,23791,1,0,0
69,65,233,11149,1,0,1
4,44,107,6915,0,0,1
94,76,271,23434,1,0,0
0,48,113,20508,1,0,1
100,75,248,14705,0,0,1
54,60,190,14759,1,0,1
92,71,237,20233,0,0,1
12,57,142,10065,0,0,1
52,58,158,14729,0,0,1
73,73,199,20661,0,0,1
83,73,213,14913,0,0,1
10,54,131,2363,0,0,1
84,76,245,10241,1,0,0
64,63,208,3443,0,0,1
82,75,217,9011,0,0,1
26,55,137,11796,0,0,1
10,43,103,8788,0,0,1
88,83,242,23825,1,0,0
52,67,173,9503,0,0,1
51,67,188,20676,1,0,1
23,45,117,20870,1,0,1
19,42,146,1938,0,0,1
26,52,150,8335,1,0,1
78,78,229,9527,0,0,1
4,44,122,20753,0,0,1
90,73,241,10887,1,0,1
21,55,157,10203,1,0,1
69,72,201,5243,1,0,1
12,46,102,19811,1,0,1
18,42,99,6315,0,0,1
26,63,156,21110,0,0,1
7,53,108,3612,0,0,1
66,74,205,16184,0,0,1
100,90,289,15461,0,0,1
53,71,205,12986,1,0,1
54,66,211,12019,0,0,1
63,65,204,16354,0,0,1
52,56,189,5295,0,0,1
5,50,117,1971,0,0,1
61,62,212,17648,0,0,1
65,77,225,21005,1,0,0
89,85,232,22033,0,0,0
97,79,244,3014,1,0,0
92,88,263,3331,0,0,1
6,41,127,22586,1,0,0
45,61,156,17417,1,0,1
66,71,225,23824,0,0,0
1,42,87,14204,0,0,1
91,73,242,17443,1,0,1
53,62,163,5161,1,0,1
63,66,185,19434,1,0,1
82,86,254,2677,0,0,1
17,49,107,17175,1,0,1
93,86,259,3013,1,0,0
97,85,257,15850,0,0,1
69,76,203,5819,1,0,0
81,76,252,8484,1,0,0
26,57,121,22382,1,0,0
31,56,126,16574,0,0,1
35,65,157,19325,0,0,1
27,58,133,19329,0,0,1
45,64,160,17358,1,0,1
13,58,142,6803,0,0,1
16,43,127,17794,0,0,1
71,72,229,13406,0,0,1
89,70,265,18177,1,0,1
78,84,229,8695,1,0,0
79,78,243,6000,0,0,1
80,79,216,17724,0,0,1
84,73,259,14549,0,0,1
25,62,129,13785,1,0,1
93,81,248,23618,1,0,0
3,55,84,17262,1,0,1
56,67,179,16820,1,0,1
82,73,215,12984,0,0,1
43,70,198,19218,1,0,1
80,80,238,19456,0,0,1
53,60,196,3533,0,0,1
12,49,136,1748,1,0,1
54,59,173,23075,1,0,0
13,45,127,9004,0,0,1
35,60,178,16453,1,0,1
20,52,107,13682,1,0,1
81,82,239,14229,1,0,0
88,76,228,21742,0,0,1
44,59,183,17022,1,0,1
49,66,195,3459,0,0,1
2,48,101,13969,1,0,1
48,61,168,20354,1,0,1
79,73,249,13852,1,0,1
57,70,213,1837,1,0,1
33,63,134,3258,0,0,1
22,43,149,9384,1,0,1
47,65,182,3166,1,0,1
18,46,139,12225,0,0,1
54,62,163,3656,0,0,1
44,69,152,20852,0,0,1
11,42,105,6395,0,0,1
63,72,210,6635,0,0,1
89,72,233,13093,0,0,1
18,52,144,15868,1,0,1
53,63,193,13389,1,0,1
5,52,93,17846,0,0,1
32,55,144,3095,0,0,1
40,70,187,12439,1,0,1
84,74,232,21605,1,0,1
100,84,269,22551,0,0,0
41,62,171,13056,1,0,1
37,61,168,18270,0,0,1
46,66,154,4110,0,0,1
45,57,149,3364,1,0,1
45,72,173,9311,1,0,1
2,53,110,23201,0,0,0
86,71,225,8600,1,0,1
94,75,273,21134,0,0,1
32,52,171,4321,1,0,1
12,57,131,4341,0,0,1
15,56,137,3889,1,0,1
79,76,225,19349,0,0,1
93,80,269,16754,0,0,1
76,84,221,8788,0,0,1
53,70,198,22406,1,0,0
38,53,133,6553,0,0,1
31,58,140,1044,1,0,1
70,81,243,12343,1,0,0
9,46,93,20709,1,0,1
35,63,177,19282,1,0,1
98,84,259,6593,0,0,1
46,71,182,15471,1,0,1
95,90,253,8640,1,0,0
50,62,179,7871,0,0,1
67,71,234,3307,1,0,1
89,72,223,18232,1,0,1
91,74,260,20528,1,0,1
33,67,142,21657,1,0,1
75,75,214,1487,1,0,1
22,48,117,3813,1,0,1
17,44,116,14015,1,0,1
44,52,173,9155,1,0,1
40,54,179,13837,1,0,1
12,41,120,4280,1,0,1
66,68,211,18482,0,0,1
65,79,216,11614,0,0,1
16,46,146,19987,1,0,1
64,77,195,14304,0,0,1
60,63,195,11372,1,0,1
78,67,210,19061,1,0,1
7,42,103,6448,0,0,1
19,48,130,10701,1,0,1
67,70,199,9635,1,0,1
21,55,151,15465,0,0,1
63,79,224,21348,1,0,0
42,60,177,11606,0,0,1
2,45,84,14032,1,0,1
71,82,211,3907,1,0,0
72,72,240,18421,0,0,1
83,82,217,21462,0,0,1
53,63,166,4222,0,0,1
74,79,234,11955,1,0,0
8,39,117,20889,0,0,1
14,56,136,2982,1,0,1
49,61,199,7139,1,0,1
16,50,144,4699,0,0,1
68,79,200,7048,0,0,1
93,76,266,6124,1,0,0
20,46,107,17164,1,0,1
18,61,117,10825,1,0,1
48,58,188,2856,0,0,1
38,61,152,18905,1,0,1
59,75,177,7766,0,0,1
83,86,264,11304,1,0,0
9,51,101,17418,1,0,1
39,66,177,8807,0,0,1
64,73,185,16387,0,0,1
12,44,136,23048,0,0,0
52,57,198,7946,0,0,1
65,62,207,14150,0,0,1
50,67,195,8821,0,0,1
89,81,249,4031,1,0,0
90,90,251,9364,1,0,0
41,59,172,14196,0,0,1
13,52,108,7797,0,0,1
27,51,160,15674,0,0,1
46,63,172,14406,0,0,1
19,61,130,7248,0,0,1
49,64,197,7009,0,0,1
21,55,150,16996,0,0,1
66,73,196,18764,0,0,1
36,55,141,13988,0,0,1
8,54,128,10029,0,0,1
5,42,94,8820,1,0,1
51,61,197,11046,0,0,1
53,57,199,21219,0,0,1
45,64,190,11589,0,0,1
60,65,181,18826,1,0,1
36,66,170,6630,1,0,1
73,67,204,6905,1,0,1
70,70,222,5175,1,0,1
78,69,244,3283,0,0,1
36,66,177,22103,1,0,0
100,88,254,6865,0,0,1
73,80,231,20225,1,0,0
55,60,186,6992,1,0,1
60,61,211,6596,0,0,1
42,62,183,18889,0,0,1
28,47,130,19744,0,0,1
7,55,95,14727,1,0,1
95,82,265,5148,1,0,0
29,51,151,15335,0,0,1
23,44,114,21477,1,0,1
89,88,264,13370,1,0,0
84,73,219,14246,1,0,1
74,78,236,4027,1,0,0
43,70,156,7408,0,0,1
55,68,209,3059,1,0,1
64,68,195,21692,0,0,1
80,82,251,9765,1,0,0
26,52,143,14822,0,0,1
50,68,180,6708,0,0,1
91,73,250,1772,0,0,1
69,71,198,7788,0,0,1
86,87,237,11431,1,0,0
30,55,158,15760,0,0,1
90,89,245,13385,0,0,1
67,75,227,1081,0,0,1
29,48,129,5984,1,0,1
0,37,113,21132,0,0,1
94,75,236,23799,0,0,0
53,59,161,22310,0,0,0
83,70,240,13945,0,0,1
96,92,270,1167,0,0,1
10,45,116,13736,0,0,1
25,63,160,23371,0,0,0
29,48,118,10100,0,0,1
66,66,191,9905,0,0,1
2,45,96,22758,1,0,0
4,36,104,10424,1,0,1
98,78,272,15991,1,0,0
74,83,235,11478,0,0,1
79,84,253,6283,1,0,0
49,67,177,20701,0,0,1
1,49,113,5328,1,0,1
27,63,159,9780,1,0,1
77,67,234,15342,1,0,1
33,64,153,11154,1,0,1
57,59,202,8506,1,0,1
28,63,152,11987,0,0,1
93,84,231,9649,1,0,0
79,74,243,18181,0,0,1
71,66,207,20114,0,0,1
41,69,160,12080,0,0,1
0,41,119,2112,0,0,1
78,80,231,15411,1,0,0
65,73,228,11151,0,0,1
60,62,202,5369,1,0,1
56,58,185,15065,0,0,1
11,57,137,10996,0,0,1
60,73,190,20753,1,0,1
74,67,228,11967,0,0,1
67,68,189,1885,0,0,1
58,61,198,8053,1,0,1
25,57,132,1480,1,0,1
80,84,221,3789,1,0,0
72,78,212,1117,1,0,0
79,66,208,1333,1,0,1
46,72,177,16597,0,0,1
5,50,104,19516,0,0,1
91,78,254,16746,0,0,1
72,65,221,18093,0,0,1
55,58,185,2256,1,0,1
41,54,180,13250,1,0,1
53,57,200,4874,0,0,1
38,60,177,16115,1,0,1
39,60,151,13639,1,0,1
9,45,91,17801,0,0,1
66,69,189,5357,0,0,1
18,58,148,15227,0,0,1
97,75,272,5189,0,0,1
59,70,201,7966,1,0,1
17,47,146,10018,1,0,1
4,40,97,17737,0,0,1
35,49,159,9902,1,0,1
36,58,173,20780,0,0,1
99,90,246,11222,0,0,1
55,76,188,9734,0,0,1
83,82,259,19831,1,0,0
32,60,155,21813,1,0,1
3,53,130,6799,0,0,1
7,43,99,14999,1,0,1
22,54,111,10114,1,0,1
12,52,100,23776,1,0,0
53,71,206,16319,0,0,1
8,49,106,7681,0,0,1
83,75,241,9898,1,0,1
42,51,159,9353,0,0,1
33,50,149,17395,1,0,1
62,66,212,14194,0,0,1
50,65,170,17364,0,0,1
39,65,148,5890,0,0,1
82,78,239,2527,1,0,0
25,62,159,19219,0,0,1
87,69,263,20646,1,0,1
41,59,147,5199,0,0,1
66,76,220,10081,0,0,1
61,75,225,20608,0,0,1
85,74,236,3978,1,0,1
87,77,221,4921,1,0,0
41,67,145,7668,1,0,1
56,70,212,21961,1,0,1
42,69,187,20012,0,0,1
8,57,100,9723,1,0,1
3,38,85,3926,1,0,1
10,48,126,11767,1,0,1
29,48,134,15504,1,0,1
57,73,195,8494,0,0,1
22,61,129,16408,0,0,1
94,77,267,3044,1,0,0
82,79,213,20130,0,0,1
44,68,174,23636,1,0,0
53,75,202,13626,1,0,1
15,60,136,21387,1,0,1
57,59,201,7183,0,0,1
59,62,169,3934,0,0,1
86,77,228,12882,1,0,0
62,74,185,11625,0,0,1
26,58,124,18581,1,0,1
21,53,147,16938,0,0,1
87,79,251,2252,0,0,1
66,75,226,13423,0,0,1
23,58,122,18048,0,0,1
67,77,223,19654,0,0,1
45,65,159,21530,0,0,1
41,69,192,17608,1,0,1
31,53,156,7878,0,0,1
53,63,175,20755,0,0,1
51,69,197,10831,1,0,1
18,61,147,1662,0,0,1
91,72,249,5149,0,0,1
7,37,84,4621,0,0,1
33,61,145,16674,1,0,1
16,47,109,8572,1,0,1
66,74,222,5679,0,0,1
17,46,132,10887,1,0,1
41,51,174,4124,0,0,1
48,67,177,6474,1,0,1
56,67,175,17877,0,0,1
59,70,180,22368,0,0,0
26,45,147,8379,0,0,1
47,70,191,10313,0,0,1
73,79,203,20617,1,0,0
59,72,183,14044,1,0,1
24,52,146,12204,0,0,1
1,51,88,3992,1,0,1
16,59,146,8559,1,0,1
44,64,181,4879,1,0,1
89,81,244,15135,1,0,0
36,63,138,21894,1,0,1
41,56,170,22059,1,0,0
54,75,174,17009,1,0,1
84,83,256,6971,1,0,0
25,51,160,10313,1,0,1
71,69,194,1831,0,0,1
14,42,92,22573,0,0,0
52,74,202,1085,0,0,1
3,42,122,16117,0,0,1
99,75,267,11887,0,0,1
24,61,128,17177,0,0,1
81,71,248,12374,0,0,1
50,57,190,13973,0,0,1
25,45,159,3629,0,0,1
37,49,150,20326,0,0,1
8,40,121,23668,1,0,0
50,71,191,17669,0,0,1
100,78,243,10498,0,0,1
16,56,109,16445,0,0,1
63,65,210,20755,0,0,1
5,49,90,21067,0,0,1
44,52,154,19613,0,0,1
35,53,163,12557,0,0,1
7,44,119,6348,0,0,1
82,74,236,19823,1,0,1
32,53,165,21590,1,0,1
1,43,121,11743,0,0,1
56,63,172,20703,0,0,1
20,47,109,19122,0,0,1
33,64,152,7810,1,0,1
35,52,167,18172,1,0,1
75,80,238,4047,0,0,1
69,62,219,16386,0,0,1
73,72,229,3720,0,0,1
6,40,100,9299,0,0,1
100,89,254,19953,1,0,0
51,62,200,19629,1,0,1
7,44,107,2456,1,0,1
66,65,224,3049,0,0,1
86,82,223,20488,1,0,0
24,44,110,12643,0,0,1
78,66,234,1114,0,0,1
65,78,223,2766,1,0,0
17,43,100,15965,0,0,1
94,90,281,3547,0,0,1
93,79,270,23828,1,0,0
21,59,127,8149,1,0,1
24,62,145,13569,0,0,1
81,70,233,7181,1,0,1
98,75,266,8404,0,0,1
60,72,190,9100,1,0,1
33,64,173,11902,1,0,1
67,62,218,23605,0,0,0
85,81,225,23403,1,0,0
71,68,216,5187,0,0,1
84,69,221,1469,0,0,1
99,88,284,17046,1,0,0
22,61,120,4145,0,0,1
60,62,209,14325,0,0,1
11,51,96,9434,1,0,1
2,48,106,9736,0,0,1
90,73,231,6053,0,0,1
98,92,286,21905,1,0,0
9,56,115,6523,0,0,1
40,62,152,20410,0,0,1
34,62,148,1031,0,0,1
29,48,161,8010,1,0,1
9,51,116,18682,1,0,1
95,89,251,7758,0,0,1
35,56,161,7852,1,0,1
100,81,278,2082,0,0,1
61,75,193,17151,1,0,1
75,71,226,11877,1,0,1
11,48,127,22194,0,0,0
99,76,256,14422,1,0,0
89,70,224,6890,0,0,1
45,63,177,4113,0,0,1
48,62,169,8005,0,0,1
78,78,216,20928,0,0,1
17,45,108,16377,1,0,1
79,68,222,3027,0,0,1
3,50,110,18170,0,0,1
67,66,192,16222,0,0,1
18,57,133,18975,1,0,1
0,44,105,2735,1,0,1
63,78,198,13655,1,0,0
67,77,212,8098,0,0,1
76,84,208,5170,0,0,1
33,52,143,11896,1,0,1
3,48,99,20176,1,0,1
56,67,168,15281,0,0,1
64,74,192,23067,1,0,0
86,82,233,9588,0,0,1
28,65,144,7464,0,0,1
26,59,143,6543,0,0,1
5,56,85,19537,0,0,1
87,69,253,7526,0,0,1
7,50,114,6948,1,0,1
76,77,221,3469,0,0,1
56,76,192,10826,0,0,1
31,63,145,5105,0,0,1
97,83,263,6025,0,0,1
93,90,275,19615,1,0,0
41,64,161,2262,0,0,1
82,67,246,12148,1,0,1
89,77,269,3928,0,0,1
15,45,125,16957,0,0,1
41,62,190,13893,1,0,1
5,48,120,22775,1,0,0
59,73,199,18481,1,0,1
72,65,221,11036,0,0,1
90,82,247,11276,0,0,1
88,87,274,11718,0,0,1
46,70,175,14332,0,0,1
29,55,134,3874,1,0,1
60,75,207,16208,0,0,1
96,79,265,15658,0,0,1
68,75,191,23436,0,0,0
59,59,200,12872,0,0,1
77,71,219,19443,0,0,1
6,53,108,17480,0,0,1
30,60,145,15081,1,0,1
53,64,198,8986,1,0,1
40,66,180,15535,0,0,1
71,78,237,9222,1,0,0
72,66,235,5847,0,0,1
53,59,193,2001,1,0,1
1,53,82,22923,0,0,0
26,58,159,15533,1,0,1
55,71,214,13191,0,0,1
4,41,85,7590,1,0,1
33,60,140,22548,1,0,0
58,67,176,5212,0,0,1
27,50,144,11209,1,0,1
49,62,162,23133,0,0,0
64,76,208,18190,1,0,0
5,54,87,12602,1,0,1
53,69,174,13137,1,0,1
57,60,181,13431,1,0,1
19,60,119,21821,0,0,1
36,60,147,11399,0,0,1
81,82,254,15763,0,0,1
64,70,199,7947,1,0,1
42,63,170,12049,0,0,1
54,56,185,12304,0,0,1
27,51,122,16731,0,0,1
94,91,245,14052,1,0,0
78,82,252,19373,1,0,0
46,56,154,22632,1,0,0
57,63,208,8888,0,0,1
64,70,190,23324,0,0,0
73,81,247,3528,1,0,0
28,47,141,10332,1,0,1
31,61,131,20551,1,0,1
1,39,79,18058,0,0,1
29,46,164,3744,1,0,1
95,75,275,4465,0,0,1
41,53,178,4579,1,0,1
26,56,138,12663,1,0,1
59,70,201,10862,1,0,1
91,80,227,15396,1,0,0
11,45,124,12531,1,0,1
15,58,150,10933,0,0,1
89,74,235,21822,0,0,1
20,46,112,10198,0,0,1
61,68,200,21971,0,0,1
73,72,240,15136,1,0,1
94,78,276,16440,0,0,1
21,60,141,23265,1,0,0
43,70,150,2727,0,0,1
40,66,160,17238,0,0,1
79,76,251,13455,0,0,1
92,87,262,1872,1,0,0
87,78,249,11262,1,0,0
43,59,193,6061,0,0,1
93,83,234,22218,0,0,0
12,53,100,2697,1,0,1
34,64,173,10356,1,0,1
27,58,151,6013,0,0,1
44,68,174,11357,0,0,1
86,84,269,9543,0,0,1
71,66,204,1882,1,0,1
42,67,161,5766,1,0,1
91,73,256,1381,1,0,1
70,66,190,23442,0,0,0
38,63,142,14984,1,0,1
18,43,118,5289,1,0,1
16,52,102,1505,0,0,1
70,77,199,11150,0,0,1
44,61,163,7675,0,0,1
60,72,202,4396,0,0,1
8,54,128,2377,1,0,1
77,75,235,20449,0,0,1
16,54,131,7633,1,0,1
54,63,175,5990,0,0,1
25,58,127,3505,0,0,1
78,82,208,12111,1,0,0
77,68,216,22956,1,0,0
32,48,162,11310,0,0,1
76,76,235,14169,0,0,1
25,46,158,14245,1,0,1
37,65,147,10325,0,0,1
57,75,218,2156,0,0,1
46,68,175,11984,1,0,1
71,68,214,19738,0,0,1
71,63,223,1919,0,0,1
48,62,157,13817,1,0,1
27,63,127,12994,1,0,1
81,78,222,12078,0,0,1
44,55,189,3186,0,0,1
57,74,185,19328,1,0,1
69,80,221,12811,0,0,1
99,91,245,6725,0,0,1
88,75,252,6776,0,0,1
28,63,164,1623,0,0,1
55,76,214,18844,0,0,1
38,50,158,21127,1,0,1
24,49,124,1631,1,0,1
99,92,257,21218,0,0,1
9,48,108,8611,0,0,1
23,60,151,2090,0,0,1
74,74,229,5306,1,0,1
46,64,190,7487,1,0,1
18,53,149,16665,1,0,1
20,48,128,11494,1,0,1
66,67,183,7683,1,0,1
23,44,146,23300,0,0,0
76,82,211,3763,1,0,0
64,75,223,1934,1,0,1
41,65,165,6305,0,0,1
39,63,189,20914,1,0,1
98,92,269,7493,0,0,1
19,50,119,19107,1,0,1
48,54,192,15067,0,0,1
74,67,236,14771,0,0,1
48,59,153,6619,0,0,1
87,73,221,20883,0,0,1
0,51,114,19754,1,0,1
46,66,169,13788,1,0,1
29,53,123,15172,1,0,1
35,67,166,17635,1,0,1
48,63,182,3148,1,0,1
100,86,284,3549,0,0,1
7,48,104,4660,1,0,1
16,49,103,14138,1,0,1
64,63,218,23226,1,0,0
24,58,136,19393,1,0,1
92,77,259,11054,1,0,0
27,64,165,9130,1,0,1
40,59,158,12986,0,0,1
51,66,159,13405,0,0,1
25,60,138,6816,1,0,1
36,54,180,23400,0,0,0
49,65,156,18263,0,0,1
61,72,186,7611,1,0,1
61,62,177,6921,0,0,1
11,46,122,8225,1,0,1
24,50,119,21456,0,0,1
43,61,180,2051,0,0,1
4,42,78,17177,0,0,1
86,71,217,19878,0,0,1
47,54,179,3904,1,0,1
41,70,161,16661,1,0,1
65,63,215,21395,0,0,1
100,92,275,4884,0,0,1
47,58,167,19463,0,0,1
19,45,114,10018,1,0,1
14,47,100,10437,0,0,1
38,67,142,4566,0,0,1
25,55,162,7610,0,0,1
82,74,253,3525,0,0,1
28,54,159,21700,1,0,1
99,91,276,12460,0,0,1
49,57,174,15074,1,0,1
29,47,142,5565,1,0,1
15,41,131,2374,1,0,1
38,52,175,18237,0,0,1
3,42,95,9060,1,0,1
5,38,105,22536,1,0,0
49,73,162,7813,1,0,1
13,51,142,17914,0,0,1
9,41,97,10009,1,0,1
54,56,186,3952,0,0,1
25,48,156,6084,1,0,1
7,48,124,6573,1,0,1
64,76,228,5304,0,0,1
64,72,210,15681,0,0,1
40,62,166,11403,1,0,1
33,66,163,1043,1,0,1
34,63,165,15934,0,0,1
14,42,123,20147,1,0,1
8,40,87,3022,0,0,1
25,48,122,9023,1,0,1
52,74,193,6002,0,0,1
80,85,256,7608,1,0,0
99,87,259,21562,1,0,0
85,82,255,16351,1,0,0
78,76,223,18000,0,0,1
94,72,241,20050,1,0,1
79,82,246,17901,0,0,1
81,83,245,2797,1,0,0
37,51,175,17236,1,0,1
87,87,234,2486,0,0,1
89,84,230,9268,1,0,0
49,69,177,1615,1,0,1
80,74,249,6378,0,0,1
98,91,264,20285,1,0,0
61,78,189,9169,0,0,1
35,66,174,12395,1,0,1
44,59,186,9168,1,0,1
29,54,147,10695,0,0,1
61,70,183,11240,1,0,1
81,68,235,17499,0,0,1
80,75,248,4731,1,0,1
31,60,151,4296,1,0,1
62,72,227,7720,1,0,1
52,56,194,18530,1,0,1
59,65,197,17397,0,0,1
47,67,184,1571,0,0,1
26,64,157,13331,0,0,1
76,77,233,18132,1,0,0
62,74,198,5839,0,0,1
39,69,181,8155,0,0,1
14,58,144,10214,1,0,1
75,67,212,19448,0,0,1
79,82,241,23974,1,0,0
58,60,191,6140,1,0,1
11,44,132,23556,1,0,0
92,83,234,20388,0,0,1
95,83,278,7246,1,0,0
36,64,155,18243,1,0,1
21,48,118,4048,0,0,1
87,73,226,17919,1,0,1
43,60,144,3047,1,0,1
75,65,219,16956,0,0,1
58,73,188,22930,1,0,0
30,54,153,7324,1,0,1
68,73,209,1975,1,0,1
10,51,101,15274,1,0,1
78,67,226,13860,1,0,1
75,69,224,1078,1,0,1
27,64,155,22176,0,0,0
69,76,198,15206,1,0,0
50,72,205,2715,1,0,1
75,69,227,16113,1,0,1
12,58,113,6007,1,0,1
4,48,87,14255,1,0,1
7,51,130,13922,0,0,1
3,43,93,13907,1,0,1
63,60,201,14146,0,0,1
44,60,191,22946,0,0,0
52,60,206,10702,1,0,1
53,63,173,20484,0,0,1
38,52,181,11922,0,0,1
17,45,118,17890,1,0,1
16,43,137,13217,1,0,1
99,93,272,5238,1,0,0
68,78,209,2915,1,0,0
50,63,180,12918,0,0,1
85,83,219,4014,0,0,1
97,80,261,17582,1,0,0
11,39,96,9411,1,0,1
17,60,139,17474,0,0,1
98,89,268,8343,0,0,1
26,53,137,12883,1,0,1
14,52,141,6197,1,0,1
97,86,284,22596,1,0,0
74,73,220,4953,0,0,1
56,76,176,19465,1,0,0
70,68,236,8486,0,0,1
52,69,206,18747,0,0,1
71,78,200,19349,1,0,0
68,64,201,3540,1,0,1
47,70,198,21442,0,0,1
21,43,130,17857,0,0,1
34,64,145,15759,0,0,1
10,53,91,17021,0,0,1
25,55,148,12391,1,0,1
61,61,188,1029,1,0,1
77,84,227,11390,0,0,1
61,69,202,6678,0,0,1
30,65,131,21876,1,0,1
91,75,239,1615,1,0,1
10,43,108,8837,1,0,1
36,64,137,5052,0,0,1
2,47,106,4644,0,0,1
50,74,180,20889,0,0,1
23,63,123,14092,0,0,1
19,58,149,21954,0,0,1
80,78,236,16809,1,0,0
25,61,140,9193,1,0,1
6,42,125,18695,1,0,1
97,82,241,22216,1,0,0
84,84,230,18547,0,0,1
73,65,194,9386,0,0,1
39,61,150,6012,0,0,1
80,82,216,3735,1,0,0
67,73,188,17278,1,0,1
39,55,176,5220,0,0,1
0,48,91,3972,1,0,1
11,54,95,20999,0,0,1
52,71,206,14989,0,0,1
60,67,219,6846,0,0,1
54,74,199,21874,1,0,1
66,69,221,9959,0,0,1
20,56,146,4556,1,0,1
56,71,194,10298,0,0,1
88,81,270,1429,1,0,0
70,73,200,23897,1,0,0
84,75,250,12854,1,0,1
87,70,244,16999,0,0,1
78,67,246,5789,0,0,1
22,62,119,3585,1,0,1
68,78,237,12345,1,0,0
14,50,105,19976,1,0,1
56,58,190,13774,1,0,1
29,46,118,22091,1,0,0
65,69,207,6393,0,0,1
26,51,144,11126,1,0,1
68,64,197,18416,1,0,1
81,86,250,17540,1,0,0
50,62,188,1466,1,0,1
91,73,224,18632,0,0,1
14,51,111,22555,0,0,0
76,84,245,3025,1,0,0
55,69,209,11011,1,0,1
73,71,217,10044,1,0,1
51,61,164,9328,1,0,1
69,81,201,21825,1,0,0
34,54,135,18690,0,0,1
16,56,108,19129,0,0,1
25,64,137,2121,1,0,1
73,74,236,5958,1,0,1
41,65,190,8690,1,0,1
25,49,126,15666,1,0,1
64,67,210,22223,0,0,0
78,72,221,1504,1,0,1
13,59,146,17425,1,0,1
57,72,215,12094,0,0,1
97,80,281,3332,0,0,1
53,60,160,14279,0,0,1
87,78,221,10170,0,0,1
97,78,278,4984,0,0,1
81,74,243,23657,1,0,0
39,59,177,19400,0,0,1
91,87,254,7384,0,0,1
33,60,147,19207,1,0,1
13,57,117,9789,0,0,1
0,38,93,21862,0,0,1
66,65,190,9667,0,0,1
2,54,114,2560,1,0,1
71,72,201,16145,1,0,1
29,47,124,9449,0,0,1
60,60,210,1639,1,0,1
75,66,201,3538,0,0,1
65,77,198,6166,1,0,0
21,54,123,2320,0,0,1
70,68,229,11291,1,0,1
39,57,140,2728,0,0,1
75,77,232,20052,1,0,0
59,69,210,17649,1,0,1
27,54,122,7991,1,0,1
29,65,132,7958,1,0,1
67,62,229,14353,0,0,1
86,86,258,2933,1,0,0
92,83,256,12591,0,0,1
65,73,208,13487,1,0,1
12,44,120,13790,1,0,1
18,50,150,20945,0,0,1
18,51,119,14038,0,0,1
60,68,177,9371,0,0,1
51,73,202,1833,1,0,1
39,56,149,23012,0,0,0
22,60,154,1723,0,0,1
10,40,99,16601,1,0,1
13,45,105,7788,1,0,1
63,67,221,15430,0,0,1
99,91,274,21864,0,0,1
81,83,220,14909,1,0,0
76,69,217,17806,0,0,1
52,70,205,23690,1,0,0
99,74,250,15256,0,0,1
90,81,228,18106,0,0,1
50,62,188,4939,1,0,1
48,72,177,15084,0,0,1
49,68,197,21592,1,0,1
88,85,240,20056,1,0,0
54,74,191,19960,0,0,1
71,81,212,19296,0,0,1
26,47,160,3855,1,0,1
53,57,172,10184,0,0,1
60,74,196,16630,0,0,1
57,67,209,4480,1,0,1
2,49,108,23109,0,0,0
42,55,179,18352,0,0,1
34,66,157,12094,1,0,1
37,57,156,4704,0,0,1
2,54,80,5432,1,0,1
35,61,148,18037,0,0,1
16,56,135,16341,0,0,1
48,62,179,3783,1,0,1
1,52,126,19980,0,0,1
30,56,136,14546,0,0,1
8,43,95,14787,1,0,1
9,51,133,2322,1,0,1
54,58,177,21613,0,0,1
31,64,176,8083,0,0,1
8,40,86,21990,0,0,1
97,85,255,9405,0,0,1
40,62,162,1331,0,0,1
31,57,154,2331,0,0,1
28,55,164,23054,1,0,0
34,54,170,10027,1,0,1
38,54,150,2385,1,0,1
88,84,257,3874,0,0,1
38,53,153,15817,0,0,1
15,50,115,4786,1,0,1
83,78,257,19037,0,0,1
28,48,119,23088,1,0,0
81,69,242,3382,1,0,1
55,62,170,21769,0,0,1
87,74,235,8713,1,0,1
21,61,126,5975,0,0,1
61,74,203,22193,0,0,0
17,43,98,23303,1,0,0
2,36,109,5256,1,0,1
92,90,282,11825,0,0,1
88,87,245,21481,1,0,0
79,67,202,8941,1,0,1
21,60,116,17568,1,0,1
45,53,149,21946,0,0,1
97,79,270,13727,0,0,1
91,88,262,16338,1,0,0
32,61,131,5321,0,0,1
26,54,152,11203,1,0,1
93,74,248,23515,1,0,0
47,70,199,4224,1,0,1
21,61,113,23575,1,0,0
20,56,147,6381,1,0,1
52,70,187,14978,1,0,1
52,74,183,16237,1,0,1
74,83,234,13858,1,0,0
6,37,90,21438,1,0,1
11,39,116,8907,0,0,1
90,75,234,18188,1,0,1
58,72,186,9657,0,0,1
69,76,216,4295,0,0,1
78,82,255,12598,1,0,0
63,66,206,23197,0,0,0
19,53,127,21906,0,0,1
21,61,158,15827,0,0,1
7,50,97,21807,0,0,1
15,50,118,17815,1,0,1
13,40,99,19379,0,0,1
10,45,127,23329,0,0,0
88,76,222,13471,0,0,1
21,44,104,16534,0,0,1
30,58,128,9773,1,0,1
20,54,123,17123,1,0,1
71,71,224,10321,1,0,1
2,40,74,14385,0,0,1
8,41,93,17548,0,0,1
41,52,180,1237,0,0,1
89,84,259,8036,1,0,0
17,52,122,13039,0,0,1
100,89,292,8967,0,0,1
9,45,90,19874,1,0,1
29,64,167,4534,0,0,1
13,50,133,11193,1,0,1
49,63,158,10428,0,0,1
51,68,196,1151,0,0,1
11,57,136,23322,0,0,0
50,58,167,9897,1,0,1
40,69,147,21224,0,0,1
16,41,96,12970,1,0,1
37,58,172,7676,1,0,1
61,67,210,6887,1,0,1
47,60,186,5506,0,0,1
96,77,240,16765,0,0,1
12,52,104,21638,1,0,1
37,56,182,12321,0,0,1
85,73,219,22036,1,0,0
23,50,151,14219,1,0,1
21,59,155,7820,1,0,1
63,62,203,4221,0,0,1
5,39,93,11451,0,0,1
48,63,156,8941,0,0,1
61,70,184,10244,1,0,1
93,72,267,3967,0,0,1
99,84,255,19919,1,0,0
28,60,167,3004,1,0,1
26,59,124,13287,1,0,1
93,72,225,14674,0,0,1
28,60,134,2882,1,0,1
66,69,199,15362,1,0,1
23,57,113,15316,0,0,1
8,43,105,12871,1,0,1
48,56,185,10704,1,0,1
63,62,202,6198,1,0,1
20,49,139,5160,0,0,1
15,42,123,19726,1,0,1
12,58,114,5435,1,0,1
52,60,200,16551,0,0,1
69,66,235,1288,0,0,1
55,70,211,10517,1,0,1
8,44,93,15914,1,0,1
43,54,173,17214,1,0,1
56,57,169,20453,1,0,1
3,44,114,10313,1,0,1
35,51,131,21910,1,0,1
66,79,218,16088,0,0,1
39,62,161,10704,0,0,1
69,77,219,18965,1,0,0
8,53,90,10681,1,0,1
61,62,191,10902,0,0,1
49,68,192,13624,0,0,1
48,55,162,9261,1,0,1
100,89,274,17253,0,0,1
87,69,224,9770,1,0,1
46,69,156,18172,1,0,1
89,75,245,13563,1,0,1
97,81,254,18326,1,0,0
6,47,125,4383,0,0,1
89,80,266,11246,1,0,0
13,40,110,1213,0,0,1
89,76,222,1475,0,0,1
84,76,216,18801,1,0,0
41,67,149,8208,0,0,1
97,83,269,3821,0,0,1
36,59,164,17959,0,0,1
22,45,110,18426,1,0,1
71,66,223,3857,1,0,1
97,86,282,17216,1,0,0
91,85,229,9005,0,0,1
14,57,102,16153,1,0,1
42,68,161,13687,1,0,1
26,55,130,6219,0,0,1
60,73,219,19779,0,0,1
33,57,151,22590,1,0,0
50,74,196,21196,1,0,1
63,70,185,23914,0,0,0
61,78,208,15341,1,0,0
23,60,145,11033,0,0,1
36,53,155,6896,1,0,1
61,70,192,1094,1,0,1
54,58,189,21470,1,0,1
69,64,225,15865,0,0,1
85,69,244,3038,0,0,1
54,60,198,8613,1,0,1
8,41,127,7033,0,0,1
8,41,122,7505,1,0,1
66,67,221,15032,0,0,1
70,78,216,17471,1,0,0
88,78,233,19130,1,0,0
28,58,139,15496,1,0,1
9,38,117,8501,1,0,1
94,85,265,21178,1,0,0
19,56,106,17645,1,0,1
83,80,217,2261,0,0,1
91,84,246,7987,1,0,0
70,66,222,8986,1,0,1
82,72,231,23058,0,0,0
5,42,120,6840,0,0,1
76,75,242,2625,0,0,1
59,68,188,1091,0,0,1
77,75,233,16684,0,0,1
71,64,195,15937,1,0,1
32,57,172,22024,1,0,0
24,63,158,5417,1,0,1
40,54,180,3486,1,0,1
13,41,112,5308,1,0,1
1,44,105,7900,0,0,1
98,78,250,18903,0,0,1
39,63,187,16686,1,0,1
72,69,194,10177,1,0,1
4,43,114,21678,0,0,1
99,79,265,5309,1,0,0
97,88,253,4563,1,0,0
34,59,174,16281,1,0,1
89,80,243,15718,0,0,1
16,52,107,21434,1,0,1
1,41,95,16627,1,0,1
88,71,223,21641,1,0,1
53,69,181,17684,1,0,1
27,58,168,18548,1,0,1
3,54,90,22771,1,0,0
48,70,204,6060,1,0,1
26,61,130,1119,1,0,1
100,94,252,7697,1,0,0
5,51,86,7104,0,0,1
16,52,116,1875,0,0,1
7,49,110,7248,0,0,1
86,80,221,20115,0,0,1
11,40,98,7994,0,0,1
7,40,87,23791,0,0,0
59,65,218,9569,1,0,1
17,46,128,5491,0,0,1
51,65,207,7056,0,0,1
92,79,267,8647,0,0,1
82,85,259,19583,1,0,0
45,61,181,6583,0,0,1
53,70,197,2255,1,0,1
78,70,251,7551,1,0,1
68,78,203,21503,0,0,1
10,46,111,14158,1,0,1
4,51,121,3576,0,0,1
42,53,144,12328,0,0,1
48,62,155,4025,0,0,1
39,62,153,9659,0,0,1
70,79,209,20800,0,0,1
91,84,254,17736,1,0,0
19,48,143,16940,0,0,1
65,75,217,7993,0,0,1
100,91,287,7029,0,0,1
77,77,240,14632,0,0,1
19,44,125,6467,1,0,1
19,61,151,4583,0,0,1
67,61,189,4463,1,0,1
56,76,210,9367,0,0,1
59,60,182,14342,0,0,1
44,68,176,10528,1,0,1
94,78,249,7243,1,0,0
61,70,224,23743,0,0,0
26,64,159,9616,0,0,1
99,79,250,17770,1,0,0
81,70,223,20699,0,0,1
62,68,201,1166,0,0,1
94,91,247,4313,1,0,0
86,77,264,19285,1,0,0
91,89,243,8485,0,0,1
94,83,233,16027,0,0,1
0,51,75,12406,1,0,1
51,62,196,3165,1,0,1
49,65,182,5332,0,0,1
23,52,128,13846,1,0,1
46,60,155,5575,0,0,1
99,88,258,20858,1,0,0
99,88,269,1460,1,0,0
4,46,90,18261,1,0,1
42,61,153,23666,1,0,0
80,78,214,23454,1,0,0
27,59,123,21880,1,0,1
63,79,225,19059,0,0,1
77,69,207,3331,1,0,1
93,80,252,2923,1,0,0
86,69,230,11960,0,0,1
76,68,215,2416,0,0,1
97,79,244,20092,1,0,0
32,64,130,13213,0,0,1
7,55,106,19912,1,0,1
81,82,229,7486,1,0,0
20,54,148,14988,0,0,1
13,54,110,16305,0,0,1
100,89,245,22902,0,0,0
42,60,175,2496,1,0,1
50,71,163,8216,1,0,1
54,57,172,14451,0,0,1
34,60,176,22304,0,0,0
27,62,148,4075,1,0,1
95,87,266,18206,0,0,1
47,69,179,4134,0,0,1
80,84,246,20825,0,0,1
81,69,230,3704,0,0,1
70,77,212,19954,1,0,0
70,78,222,1154,0,0,1
17,43,100,9362,0,0,1
63,78,184,22100,1,0,0
74,82,208,22324,0,0,0
50,68,194,6375,0,0,1
96,91,286,19080,0,0,1
10,53,136,14578,1,0,1
89,75,240,14577,1,0,1
26,55,127,14834,0,0,1
23,50,151,15888,1,0,1
46,58,155,11464,1,0,1
66,62,186,19656,1,0,1
69,65,210,10647,0,0,1
86,84,242,8697,0,0,1
52,61,203,4422,0,0,1
40,56,148,17905,1,0,1
90,84,272,5212,1,0,0
91,80,240,16382,1,0,0
98,90,270,2630,0,0,1
78,66,218,3246,0,0,1
32,50,127,8264,0,0,1
83,85,252,3223,1,0,0
49,62,201,4460,1,0,1
39,63,161,10564,1,0,1
0,43,98,2787,0,0,1
95,85,255,2580,1,0,0
9,40,102,11305,1,0,1
25,47,111,21349,1,0,1
18,60,146,18014,0,0,1
82,82,234,17995,0,0,1
37,58,145,3173,1,0,1
44,54,168,22037,0,0,0
22,49,118,19811,1,0,1
95,91,245,15791,0,0,1
62,66,197,16209,1,0,1
11,45,110,6420,0,0,1
59,63,172,22627,1,0,0
70,67,223,2407,0,0,1
80,75,217,10297,1,0,1
98,79,260,22134,0,0,0
79,81,237,10570,1,0,0
22,46,123,16144,1,0,1
54,67,191,1779,1,0,1
87,87,262,12202,0,0,1
59,67,215,3903,1,0,1
42,68,157,19116,1,0,1
76,83,208,1576,0,0,1
97,80,249,22296,0,0,0
88,83,271,22802,0,0,0
42,57,169,13707,1,0,1
30,48,168,1511,0,0,1
63,72,209,9718,0,0,1
60,60,187,15023,1,0,1
7,43,100,16341,0,0,1
3,38,85,4080,1,0,1
17,55,144,4092,0,0,1
87,72,226,16182,1,0,1
56,69,172,15118,0,0,1
23,47,127,19978,1,0,1
2,43,75,13931,0,0,1
53,70,200,8725,0,0,1
45,66,187,22831,0,0,0
23,51,159,6404,1,0,1
76,79,207,17519,0,0,1
33,64,152,10410,1,0,1
3,43,82,1967,1,0,1
3,39,94,15150,1,0,1
42,51,179,21790,1,0,1
99,81,284,7908,0,0,1
18,44,109,20371,1,0,1
74,70,216,19696,1,0,1
81,82,213,12347,1,0,0
1,53,81,23280,0,0,0
10,48,124,9372,1,0,1
59,68,211,17278,1,0,1
77,74,214,16650,0,0,1
72,81,198,2228,0,0,1
43,65,187,11942,0,0,1
82,81,232,12561,1,0,0
10,39,132,19208,0,0,1
20,54,142,7374,0,0,1
58,71,217,16255,0,0,1
62,73,206,2764,1,0,1
20,55,128,21410,0,0,1
20,54,127,1719,1,0,1
4,40,123,14167,0,0,1
34,59,158,14132,0,0,1
88,86,265,19919,0,0,1
18,50,149,1431,0,0,1
27,64,148,13486,0,0,1
69,67,217,12963,0,0,1
93,80,245,14166,1,0,0
22,48,119,17028,1,0,1
87,73,257,19629,1,0,1
51,56,180,2536,0,0,1
67,72,223,10744,0,0,1
96,79,251,5918,1,0,0
66,79,214,1892,1,0,0
28,65,166,18922,1,0,1
62,69,210,6764,1,0,1
100,94,265,7100,1,0,0
96,75,260,14133,0,0,1
71,81,216,2102,0,0,1
93,74,260,15878,0,0,1
15,48,125,17587,1,0,1
54,64,163,3568,0,0,1
51,66,206,13074,1,0,1
53,60,159,9830,0,0,1
79,67,246,11286,1,0,1
96,88,248,5691,1,0,0
67,68,228,12265,1,0,1
80,82,237,15186,1,0,0
53,59,182,10059,1,0,1
99,90,282,20364,1,0,0
20,60,131,20799,0,0,1
91,79,233,21324,0,0,1
47,66,197,7009,1,0,1
95,91,251,15073,1,0,0
69,80,226,11893,1,0,0
22,52,138,17944,0,0,1
8,49,99,6119,0,0,1
11,58,144,8669,1,0,1
59,66,172,14752,1,0,1
38,60,137,12726,1,0,1
63,71,193,14980,0,0,1
77,79,224,13934,0,0,1
11,52,110,1367,1,0,1
72,75,223,8001,0,0,1
71,75,218,17248,1,0,1
54,61,187,12370,0,0,1
100,75,271,23619,1,0,0
30,60,163,12740,0,0,1
28,64,169,18669,1,0,1
39,61,168,17183,1,0,1
2,50,108,11622,1,0,1
66,75,221,8930,0,0,1
66,62,226,20006,0,0,1
2,36,114,6400,0,0,1
45,58,188,13379,0,0,1
87,83,243,10694,1,0,0
27,57,145,18515,1,0,1
92,75,237,23165,0,0,0
38,56,158,9304,1,0,1
80,85,252,1945,0,0,1
60,66,180,14297,1,0,1
52,65,164,11452,1,0,1
69,69,216,11564,1,0,1
59,66,187,23187,1,0,0
70,69,195,2414,1,0,1
84,86,236,8919,1,0,0
66,71,221,22957,1,0,0
21,55,140,19770,0,0,1
66,71,225,19507,0,0,1
61,77,224,8144,1,0,0
11,40,93,5430,1,0,1
88,74,236,2140,0,0,1
81,85,247,21576,0,0,1
38,59,167,12679,0,0,1
57,61,172,16533,0,0,1
89,71,259,8050,1,0,1
73,74,244,11722,0,0,1
10,53,102,7073,1,0,1
67,79,222,23002,1,0,0
75,66,240,5666,1,0,1
99,80,282,16983,1,0,0
10,44,94,9502,1,0,1
17,43,129,1812,0,0,1
48,61,162,11391,0,0,1
62,62,214,1464,1,0,1
82,79,225,7430,0,0,1
54,70,197,4661,0,0,1
9,44,120,5811,1,0,1
0,42,97,4279,1,0,1
44,59,188,23668,1,0,0
62,63,189,14052,1,0,1
18,56,129,20207,1,0,1
19,51,147,1393,1,0,1
37,63,172,19135,1,0,1
34,53,143,15508,0,0,1
31,65,155,17115,0,0,1
58,58,204,1941,0,0,1
12,49,98,2460,1,0,1
2,42,111,11345,1,0,1
59,58,198,23994,1,0,0
97,91,287,10076,0,0,1
12,54,105,3975,1,0,1
96,89,285,1426,0,0,1
78,74,217,17614,1,0,1
87,70,237,4973,1,0,1
12,49,109,3373,0,0,1
17,57,152,22388,0,0,0
78,77,232,3733,1,0,0
56,58,195,4291,0,0,1
67,77,199,17342,0,0,1
60,76,194,10111,0,0,1
7,39,114,1623,0,0,1
14,53,114,23081,1,0,0
53,72,212,7638,0,0,1
39,52,153,20863,1,0,1
9,51,94,8098,0,0,1
33,58,150,21407,1,0,1
45,65,151,17285,1,0,1
12,50,93,16079,0,0,1
75,84,226,5653,1,0,0
79,80,219,10785,0,0,1
10,50,104,19641,0,0,1
19,49,135,8461,0,0,1
13,58,118,6666,1,0,1
61,75,196,14499,1,0,1
85,70,250,2050,0,0,1
83,85,265,9989,1,0,0
31,48,153,20830,0,0,1
95,84,278,12752,1,0,0
64,72,209,19866,1,0,1
9,48,135,22013,1,0,0
48,55,155,13871,1,0,1
18,45,111,10555,1,0,1
27,51,127,10999,0,0,1
91,85,229,23876,1,0,0
88,77,225,19472,1,0,0
93,73,267,2667,1,0,1
35,57,171,1240,1,0,1
68,78,217,6037,0,0,1
58,64,214,21094,0,0,1
4,43,110,14927,1,0,1
35,67,181,20870,1,0,1
47,66,173,16113,1,0,1
35,57,168,16453,0,0,1
25,56,150,1669,1,0,1
21,47,108,16113,0,0,1
81,69,218,20250,0,0,1
84,71,245,11657,0,0,1
41,66,166,14347,0,0,1
20,43,125,21510,0,0,1
78,72,225,15600,0,0,1
27,59,159,23018,0,0,0
44,55,188,5147,0,0,1
60,69,185,20704,1,0,1
25,51,141,3170,0,0,1
98,87,267,14697,0,0,1
25,47,153,4575,1,0,1
96,90,255,12893,1,0,0
56,67,172,13780,1,0,1
41,60,170,21597,0,0,1
16,42,113,7018,0,0,1
77,75,226,20944,1,0,1
73,68,196,19682,0,0,1
86,73,228,1048,1,0,1
75,77,232,8221,1,0,0
76,73,244,15871,1,0,1
40,60,188,6187,1,0,1
4,40,106,14436,0,0,1
31,54,158,3578,0,0,1
27,54,162,19457,0,0,1
52,67,206,19993,1,0,1
76,73,220,23562,1,0,0
20,62,157,19561,1,0,1
77,75,244,4968,0,0,1
39,58,184,12844,0,0,1
68,66,232,5621,0,0,1
71,73,198,7550,1,0,1
75,65,221,22661,0,0,0
